NAME	GS<br> follow link to MSigDB	GS DETAILS	SIZE	ES	NES	NOM p-val	FDR q-val	FWER p-val	RANK AT MAX	LEADING EDGE	
BLANCO_MELO_BRONCHIAL_EPITHELIAL_CELLS_INFLUENZA_A_DEL_NS1_INFECTION_DN	BLANCO_MELO_BRONCHIAL_EPITHELIAL_CELLS_INFLUENZA_A_DEL_NS1_INFECTION_DN	Details ...	166	-0.18941261	---	---	1.0	0.0	3018	tags=37%, list=20%, signal=45%	
CHEMNITZ_RESPONSE_TO_PROSTAGLANDIN_E2_UP	CHEMNITZ_RESPONSE_TO_PROSTAGLANDIN_E2_UP	Details ...	136	-0.17810796	---	---	1.0	0.0	3107	tags=36%, list=20%, signal=45%	
DUTERTRE_ESTRADIOL_RESPONSE_24HR_UP	DUTERTRE_ESTRADIOL_RESPONSE_24HR_UP	Details ...	292	-0.18991452	---	---	1.0	0.0	2963	tags=36%, list=19%, signal=44%	
GRAHAM_CML_DIVIDING_VS_NORMAL_QUIESCENT_UP	GRAHAM_CML_DIVIDING_VS_NORMAL_QUIESCENT_UP	Details ...	162	-0.18630776	---	---	1.0	0.0	3709	tags=43%, list=24%, signal=56%	
HOFFMANN_LARGE_TO_SMALL_PRE_BII_LYMPHOCYTE_UP	HOFFMANN_LARGE_TO_SMALL_PRE_BII_LYMPHOCYTE_UP	Details ...	143	-0.2202404	---	---	1.0	0.0	2922	tags=37%, list=19%, signal=45%	
KOBAYASHI_EGFR_SIGNALING_24HR_DN	KOBAYASHI_EGFR_SIGNALING_24HR_DN	Details ...	237	-0.2142271	---	---	1.0	0.0	3330	tags=44%, list=22%, signal=55%	
MEBARKI_HCC_PROGENITOR_FZD8CRD_UP	MEBARKI_HCC_PROGENITOR_FZD8CRD_UP	Details ...	476	-0.1810657	---	---	1.0	0.0	3322	tags=38%, list=22%, signal=47%	
ODONNELL_TFRC_TARGETS_DN	ODONNELL_TFRC_TARGETS_DN	Details ...	115	-0.21793029	---	---	1.0	0.0	3938	tags=51%, list=26%, signal=69%	
ROSTY_CERVICAL_CANCER_PROLIFERATION_CLUSTER	ROSTY_CERVICAL_CANCER_PROLIFERATION_CLUSTER	Details ...	132	-0.37295255	---	---	1.0	0.0	3214	tags=52%, list=21%, signal=66%	
SARRIO_EPITHELIAL_MESENCHYMAL_TRANSITION_UP	SARRIO_EPITHELIAL_MESENCHYMAL_TRANSITION_UP	Details ...	154	-0.18469493	---	---	1.0	0.0	2827	tags=34%, list=18%, signal=42%	
SOTIRIOU_BREAST_CANCER_GRADE_1_VS_3_UP	SOTIRIOU_BREAST_CANCER_GRADE_1_VS_3_UP	Details ...	144	-0.47331363	---	---	1.0	0.0	3633	tags=60%, list=24%, signal=78%	
WINNEPENNINCKX_MELANOMA_METASTASIS_UP	WINNEPENNINCKX_MELANOMA_METASTASIS_UP	Details ...	150	-0.2173155	---	---	1.0	0.0	3731	tags=49%, list=24%, signal=64%	
REACTOME_CELL_CYCLE_CHECKPOINTS	REACTOME_CELL_CYCLE_CHECKPOINTS	Details ...	271	-0.19741365	---	---	1.0	0.0	3348	tags=37%, list=22%, signal=47%	
REACTOME_CHROMOSOME_MAINTENANCE	REACTOME_CHROMOSOME_MAINTENANCE	Details ...	117	-0.3553313	---	---	1.0	0.0	3121	tags=39%, list=20%, signal=49%	
REACTOME_CILIUM_ASSEMBLY	REACTOME_CILIUM_ASSEMBLY	Details ...	182	-0.21918783	---	---	1.0	0.0	3325	tags=40%, list=22%, signal=51%	
REACTOME_DNA_DOUBLE_STRAND_BREAK_REPAIR	REACTOME_DNA_DOUBLE_STRAND_BREAK_REPAIR	Details ...	151	-0.22252083	---	---	1.0	0.0	3121	tags=34%, list=20%, signal=43%	
REACTOME_DNA_REPAIR	REACTOME_DNA_REPAIR	Details ...	306	-0.17785214	---	---	1.0	0.0	2518	tags=27%, list=16%, signal=32%	
REACTOME_DNA_REPLICATION	REACTOME_DNA_REPLICATION	Details ...	161	-0.20706047	---	---	1.0	0.0	2852	tags=30%, list=19%, signal=37%	
REACTOME_DNA_REPLICATION_PRE_INITIATION	REACTOME_DNA_REPLICATION_PRE_INITIATION	Details ...	134	-0.17413524	---	---	1.0	0.0	2066	tags=23%, list=14%, signal=27%	
REACTOME_G2_M_CHECKPOINTS	REACTOME_G2_M_CHECKPOINTS	Details ...	151	-0.17602018	---	---	1.0	0.0	3477	tags=35%, list=23%, signal=45%	
REACTOME_MITOTIC_G2_G2_M_PHASES	REACTOME_MITOTIC_G2_G2_M_PHASES		185	-0.21885616	---	---	1.0	0.0	3189	tags=42%, list=21%, signal=52%	
REACTOME_MITOTIC_METAPHASE_AND_ANAPHASE	REACTOME_MITOTIC_METAPHASE_AND_ANAPHASE		223	-0.16184555	---	---	1.0	0.0	3334	tags=36%, list=22%, signal=46%	
REACTOME_MITOTIC_PROMETAPHASE	REACTOME_MITOTIC_PROMETAPHASE		186	-0.23923907	---	---	1.0	0.0	3218	tags=43%, list=21%, signal=54%	
REACTOME_MITOTIC_SPINDLE_CHECKPOINT	REACTOME_MITOTIC_SPINDLE_CHECKPOINT		108	-0.24557678	---	---	1.0	0.0	3107	tags=42%, list=20%, signal=52%	
REACTOME_M_PHASE	REACTOME_M_PHASE		376	-0.163041	---	---	1.0	0.0	3050	tags=33%, list=20%, signal=41%	
REACTOME_RESOLUTION_OF_SISTER_CHROMATID_COHESION	REACTOME_RESOLUTION_OF_SISTER_CHROMATID_COHESION		114	-0.24751344	---	---	1.0	0.0	3334	tags=45%, list=22%, signal=57%	
REACTOME_SEPARATION_OF_SISTER_CHROMATIDS	REACTOME_SEPARATION_OF_SISTER_CHROMATIDS		179	-0.20090507	---	---	1.0	0.0	3050	tags=37%, list=20%, signal=46%	
REACTOME_SYNTHESIS_OF_DNA	REACTOME_SYNTHESIS_OF_DNA		118	-0.20623982	---	---	1.0	0.0	3301	tags=35%, list=22%, signal=44%	
ZHAN_MULTIPLE_MYELOMA_PR_UP	ZHAN_MULTIPLE_MYELOMA_PR_UP		41	-0.5545495	-2.547626	0.0	2.1028938E-4	0.007	3709	tags=73%, list=24%, signal=96%	
WEBER_METHYLATED_HCP_IN_FIBROBLAST_DN	WEBER_METHYLATED_HCP_IN_FIBROBLAST_DN		36	-0.5956237	-2.5327258	0.0	2.0327973E-4	0.007	6105	tags=97%, list=40%, signal=161%	
REACTOME_POLYMERASE_SWITCHING_ON_THE_C_STRAND_OF_THE_TELOMERE	REACTOME_POLYMERASE_SWITCHING_ON_THE_C_STRAND_OF_THE_TELOMERE		24	-0.6305807	-2.4685352	0.0	4.1630288E-4	0.015	2326	tags=50%, list=15%, signal=59%	
REACTOME_CARBOXYTERMINAL_POST_TRANSLATIONAL_MODIFICATIONS_OF_TUBULIN	REACTOME_CARBOXYTERMINAL_POST_TRANSLATIONAL_MODIFICATIONS_OF_TUBULIN		36	-0.5608654	-2.437672	0.0	4.8532392E-4	0.018	3187	tags=56%, list=21%, signal=70%	
KEGG_MEDICUS_REFERENCE_ORGANIZATION_OF_THE_INNER_KINETOCHORE	KEGG_MEDICUS_REFERENCE_ORGANIZATION_OF_THE_INNER_KINETOCHORE		16	-0.71718013	-2.4167254	0.0	5.2323996E-4	0.02	3624	tags=81%, list=24%, signal=106%	
KONG_E2F3_TARGETS	KONG_E2F3_TARGETS		92	-0.43153962	-2.3929965	0.0	8.341696E-4	0.033	4259	tags=64%, list=28%, signal=88%	
REACTOME_COOPERATION_OF_PREFOLDIN_AND_TRIC_CCT_IN_ACTIN_AND_TUBULIN_FOLDING	REACTOME_COOPERATION_OF_PREFOLDIN_AND_TRIC_CCT_IN_ACTIN_AND_TUBULIN_FOLDING		26	-0.6093288	-2.3766134	0.0	9.08209E-4	0.037	2530	tags=58%, list=17%, signal=69%	
CROONQUIST_NRAS_SIGNALING_DN	CROONQUIST_NRAS_SIGNALING_DN		67	-0.53567845	-2.3749952	0.0	9.070401E-4	0.038	3709	tags=66%, list=24%, signal=86%	
REACTOME_TELOMERE_C_STRAND_LAGGING_STRAND_SYNTHESIS	REACTOME_TELOMERE_C_STRAND_LAGGING_STRAND_SYNTHESIS		32	-0.5560412	-2.3649235	0.0	0.0010009677	0.043	2326	tags=41%, list=15%, signal=48%	
KEGG_MEDICUS_REFERENCE_ORGANIZATION_OF_THE_OUTER_KINETOCHORE	KEGG_MEDICUS_REFERENCE_ORGANIZATION_OF_THE_OUTER_KINETOCHORE		18	-0.6431417	-2.3244498	0.0	0.0013523377	0.059	3107	tags=83%, list=20%, signal=104%	
WEBER_METHYLATED_HCP_IN_SPERM_DN	WEBER_METHYLATED_HCP_IN_SPERM_DN		25	-0.59251237	-2.3158407	0.0	0.0013816144	0.062	6105	tags=96%, list=40%, signal=159%	
FINETTI_BREAST_CANCER_KINOME_RED	FINETTI_BREAST_CANCER_KINOME_RED		16	-0.6673666	-2.2789602	0.0	0.0020096737	0.087	4932	tags=88%, list=32%, signal=129%	
WEBER_METHYLATED_HCP_IN_SPERM_UP	WEBER_METHYLATED_HCP_IN_SPERM_UP		17	-0.625589	-2.2286308	0.0	0.0034692064	0.152	5739	tags=100%, list=38%, signal=160%	
ZHOU_CELL_CYCLE_GENES_IN_IR_RESPONSE_24HR	ZHOU_CELL_CYCLE_GENES_IN_IR_RESPONSE_24HR		121	-0.38684052	-2.2245939	0.0	0.00355145	0.159	3633	tags=62%, list=24%, signal=81%	
SU_TESTIS	SU_TESTIS		70	-0.41267717	-2.217749	0.0	0.0037465245	0.169	4776	tags=64%, list=31%, signal=93%	
REACTOME_FORMATION_OF_TUBULIN_FOLDING_INTERMEDIATES_BY_CCT_TRIC	REACTOME_FORMATION_OF_TUBULIN_FOLDING_INTERMEDIATES_BY_CCT_TRIC		19	-0.6173424	-2.2164967	0.0	0.0036816492	0.17	2530	tags=63%, list=17%, signal=76%	
EGUCHI_CELL_CYCLE_RB1_TARGETS	EGUCHI_CELL_CYCLE_RB1_TARGETS		21	-0.5784618	-2.2019875	0.0	0.004136389	0.197	4420	tags=71%, list=29%, signal=100%	
LY_AGING_MIDDLE_DN	LY_AGING_MIDDLE_DN		15	-0.64961094	-2.1733565	0.0	0.005404525	0.255	2434	tags=80%, list=16%, signal=95%	
ZHOU_CELL_CYCLE_GENES_IN_IR_RESPONSE_6HR	ZHOU_CELL_CYCLE_GENES_IN_IR_RESPONSE_6HR		82	-0.41655132	-2.153781	0.0	0.006638246	0.3	3675	tags=59%, list=24%, signal=77%	
REACTOME_ACTIVATION_OF_ATR_IN_RESPONSE_TO_REPLICATION_STRESS	REACTOME_ACTIVATION_OF_ATR_IN_RESPONSE_TO_REPLICATION_STRESS		36	-0.4906609	-2.1522713	0.0	0.006587951	0.303	3894	tags=56%, list=25%, signal=74%	
WP_DNA_REPLICATION	WP_DNA_REPLICATION		38	-0.47046864	-2.1361065	0.0	0.0078009833	0.358	3292	tags=47%, list=22%, signal=60%	
KEGG_MEDICUS_REFERENCE_LONG_PATCH_BER	KEGG_MEDICUS_REFERENCE_LONG_PATCH_BER		16	-0.6069174	-2.1150937	0.009259259	0.009387509	0.421	2326	tags=63%, list=15%, signal=74%	
REACTOME_EXTENSION_OF_TELOMERES	REACTOME_EXTENSION_OF_TELOMERES		47	-0.46029073	-2.089765	0.0	0.011963989	0.499	2326	tags=36%, list=15%, signal=43%	
KUMAMOTO_RESPONSE_TO_NUTLIN_3A_DN	KUMAMOTO_RESPONSE_TO_NUTLIN_3A_DN		10	-0.7221168	-2.0767791	0.00625	0.013425446	0.541	4259	tags=100%, list=28%, signal=138%	
KANG_DOXORUBICIN_RESISTANCE_UP	KANG_DOXORUBICIN_RESISTANCE_UP		51	-0.4507764	-2.0514228	0.0	0.016878564	0.631	4932	tags=75%, list=32%, signal=110%	
REACTOME_LAGGING_STRAND_SYNTHESIS	REACTOME_LAGGING_STRAND_SYNTHESIS		18	-0.5598833	-2.0410166	0.0	0.018230028	0.666	2326	tags=50%, list=15%, signal=59%	
REACTOME_POLYMERASE_SWITCHING	REACTOME_POLYMERASE_SWITCHING		12	-0.65521985	-2.039468	0.0069444445	0.018114273	0.67	2326	tags=67%, list=15%, signal=79%	
KEGG_MEDICUS_REFERENCE_RECRUITMENT_AND_FORMATION_OF_THE_MCC	KEGG_MEDICUS_REFERENCE_RECRUITMENT_AND_FORMATION_OF_THE_MCC		9	-0.724359	-1.9643707	0.0	0.035199728	0.888	4224	tags=100%, list=28%, signal=138%	
REACTOME_TRANSPORT_OF_CONNEXONS_TO_THE_PLASMA_MEMBRANE	REACTOME_TRANSPORT_OF_CONNEXONS_TO_THE_PLASMA_MEMBRANE		11	-0.64532745	-1.9642524	0.005952381	0.03462892	0.888	2221	tags=64%, list=15%, signal=74%	
WHITEFORD_PEDIATRIC_CANCER_MARKERS	WHITEFORD_PEDIATRIC_CANCER_MARKERS		106	-0.3638504	-1.9607556	0.0	0.03532989	0.897	3639	tags=56%, list=24%, signal=73%	
LI_WILMS_TUMOR_ANAPLASTIC_UP	LI_WILMS_TUMOR_ANAPLASTIC_UP		17	-0.55166405	-1.9601884	0.007633588	0.034979656	0.898	3624	tags=65%, list=24%, signal=85%	
WEBER_METHYLATED_LCP_IN_SPERM_UP	WEBER_METHYLATED_LCP_IN_SPERM_UP		13	-0.601675	-1.9591224	0.014285714	0.034641877	0.898	6102	tags=100%, list=40%, signal=166%	
WEBER_METHYLATED_ICP_IN_FIBROBLAST	WEBER_METHYLATED_ICP_IN_FIBROBLAST		15	-0.5880775	-1.9552058	0.02586207	0.035238583	0.906	6311	tags=100%, list=41%, signal=170%	
KEGG_MEDICUS_REFERENCE_BLOCKING_UBIQUITINATION_OF_H2AK119_BY_CK2	KEGG_MEDICUS_REFERENCE_BLOCKING_UBIQUITINATION_OF_H2AK119_BY_CK2		12	-0.62468857	-1.9487969	0.0	0.03654313	0.917	746	tags=42%, list=5%, signal=44%	
WU_APOPTOSIS_BY_CDKN1A_NOT_VIA_TP53	WU_APOPTOSIS_BY_CDKN1A_NOT_VIA_TP53		8	-0.7442923	-1.9450907	0.0051282053	0.0371985	0.923	2799	tags=88%, list=18%, signal=107%	
KEGG_MEDICUS_REFERENCE_ARL8_REGULATED_MICROTUBULE_PLUS_END_DIRECTED_TRANSPORT	KEGG_MEDICUS_REFERENCE_ARL8_REGULATED_MICROTUBULE_PLUS_END_DIRECTED_TRANSPORT		28	-0.49442735	-1.943452	0.020408163	0.037163466	0.924	2289	tags=43%, list=15%, signal=50%	
MONTERO_THYROID_CANCER_POOR_SURVIVAL_UP	MONTERO_THYROID_CANCER_POOR_SURVIVAL_UP		12	-0.6377654	-1.9242753	0.0	0.04281375	0.957	3624	tags=67%, list=24%, signal=87%	
REACTOME_INTRAFLAGELLAR_TRANSPORT	REACTOME_INTRAFLAGELLAR_TRANSPORT		45	-0.42747924	-1.9223816	0.0	0.04287774	0.959	4632	tags=64%, list=30%, signal=92%	
KEGG_MEDICUS_REFERENCE_OKAZAKI_FRAGMENT_MATURATION	KEGG_MEDICUS_REFERENCE_OKAZAKI_FRAGMENT_MATURATION		10	-0.66137254	-1.9099579	0.016304348	0.046296954	0.97	2321	tags=60%, list=15%, signal=71%	
REACTOME_CONDENSATION_OF_PROMETAPHASE_CHROMOSOMES	REACTOME_CONDENSATION_OF_PROMETAPHASE_CHROMOSOMES		11	-0.64981294	-1.895459	0.011976048	0.051007114	0.98	4412	tags=91%, list=29%, signal=128%	
WEBER_METHYLATED_LCP_IN_FIBROBLAST_UP	WEBER_METHYLATED_LCP_IN_FIBROBLAST_UP		12	-0.60163563	-1.8944017	0.0	0.050727066	0.98	6102	tags=100%, list=40%, signal=166%	
CROONQUIST_IL6_DEPRIVATION_DN	CROONQUIST_IL6_DEPRIVATION_DN		89	-0.3639193	-1.8910558	0.0	0.05140173	0.984	3709	tags=54%, list=24%, signal=71%	
REACTOME_TELOMERE_MAINTENANCE	REACTOME_TELOMERE_MAINTENANCE		91	-0.36506316	-1.8725921	0.0	0.058341138	0.993	2326	tags=31%, list=15%, signal=36%	
KEGG_DNA_REPLICATION	KEGG_DNA_REPLICATION		32	-0.4588347	-1.8723558	0.0	0.057602238	0.993	2326	tags=41%, list=15%, signal=48%	
REACTOME_GAP_FILLING_DNA_REPAIR_SYNTHESIS_AND_LIGATION_IN_GG_NER	REACTOME_GAP_FILLING_DNA_REPAIR_SYNTHESIS_AND_LIGATION_IN_GG_NER		24	-0.51526016	-1.8720144	0.0	0.05707067	0.993	2326	tags=54%, list=15%, signal=64%	
KEGG_MEDICUS_VARIANT_MUTATION_CAUSED_ABERRANT_SNCA_TO_ANTEROGRADE_AXONAL_TRANSPORT	KEGG_MEDICUS_VARIANT_MUTATION_CAUSED_ABERRANT_SNCA_TO_ANTEROGRADE_AXONAL_TRANSPORT		18	-0.49273357	-1.8589385	0.0	0.062082797	0.993	2221	tags=44%, list=15%, signal=52%	
REACTOME_PHOSPHORYLATION_OF_EMI1	REACTOME_PHOSPHORYLATION_OF_EMI1		6	-0.77055985	-1.8517797	0.02238806	0.06420643	0.993	3321	tags=83%, list=22%, signal=106%	
WEBER_METHYLATED_LCP_IN_FIBROBLAST_DN	WEBER_METHYLATED_LCP_IN_FIBROBLAST_DN		9	-0.6549581	-1.8243544	0.015789473	0.07763357	0.998	5285	tags=100%, list=35%, signal=153%	
WANG_METASTASIS_OF_BREAST_CANCER_ESR1_UP	WANG_METASTASIS_OF_BREAST_CANCER_ESR1_UP		22	-0.49727225	-1.8240666	0.0	0.0767792	0.998	2409	tags=41%, list=16%, signal=48%	
REACTOME_KINESINS	REACTOME_KINESINS		50	-0.3520183	-1.82386	0.0	0.075927794	0.998	2679	tags=48%, list=18%, signal=58%	
REACTOME_TRAFFICKING_OF_GLUR2_CONTAINING_AMPA_RECEPTORS	REACTOME_TRAFFICKING_OF_GLUR2_CONTAINING_AMPA_RECEPTORS		16	-0.5461409	-1.8187842	0.028571429	0.07773197	0.999	2612	tags=44%, list=17%, signal=53%	
RHODES_UNDIFFERENTIATED_CANCER	RHODES_UNDIFFERENTIATED_CANCER		61	-0.38525954	-1.8180591	0.0	0.077144936	0.999	3734	tags=61%, list=24%, signal=80%	
REACTOME_RECOGNITION_OF_DNA_DAMAGE_BY_PCNA_CONTAINING_REPLICATION_COMPLEX	REACTOME_RECOGNITION_OF_DNA_DAMAGE_BY_PCNA_CONTAINING_REPLICATION_COMPLEX		29	-0.43590552	-1.813844	0.0	0.07849193	0.999	2465	tags=45%, list=16%, signal=53%	
REACTOME_POST_CHAPERONIN_TUBULIN_FOLDING_PATHWAY	REACTOME_POST_CHAPERONIN_TUBULIN_FOLDING_PATHWAY		16	-0.5467764	-1.8008527	0.023622047	0.084902465	1.0	2221	tags=63%, list=15%, signal=73%	
WEBER_METHYLATED_LCP_IN_SPERM_DN	WEBER_METHYLATED_LCP_IN_SPERM_DN		8	-0.6536726	-1.7992103	0.018018018	0.0848678	1.0	5304	tags=100%, list=35%, signal=153%	
KEGG_MEDICUS_VARIANT_MUTATION_CAUSED_ABERRANT_HTT_TO_ANTEROGRADE_AXONAL_TRANSPORT	KEGG_MEDICUS_VARIANT_MUTATION_CAUSED_ABERRANT_HTT_TO_ANTEROGRADE_AXONAL_TRANSPORT		19	-0.48564148	-1.7900535	0.012048192	0.08917923	1.0	2221	tags=42%, list=15%, signal=49%	
KEGG_MEDICUS_PATHOGEN_SALMONELLA_SIFA_TO_MICROTUBULE_PLUS_END_DIRECTED_TRANSPORT	KEGG_MEDICUS_PATHOGEN_SALMONELLA_SIFA_TO_MICROTUBULE_PLUS_END_DIRECTED_TRANSPORT		18	-0.51658285	-1.7836998	0.01980198	0.092026874	1.0	1600	tags=44%, list=10%, signal=50%	
KEGG_MEDICUS_REFERENCE_ANTEROGRADE_AXONAL_TRANSPORT	KEGG_MEDICUS_REFERENCE_ANTEROGRADE_AXONAL_TRANSPORT		17	-0.49313635	-1.7793645	0.018018018	0.09387606	1.0	2221	tags=47%, list=15%, signal=55%	
GOERING_BLOOD_HDL_CHOLESTEROL_QTL_TRANS	GOERING_BLOOD_HDL_CHOLESTEROL_QTL_TRANS		11	-0.593098	-1.766185	0.02919708	0.10089164	1.0	1925	tags=55%, list=13%, signal=62%	
LEE_EARLY_T_LYMPHOCYTE_UP	LEE_EARLY_T_LYMPHOCYTE_UP		97	-0.3304995	-1.7563645	0.0	0.10632262	1.0	4411	tags=60%, list=29%, signal=83%	
WEBER_METHYLATED_ICP_IN_SPERM_DN	WEBER_METHYLATED_ICP_IN_SPERM_DN		10	-0.60056955	-1.741401	0.02793296	0.11582365	1.0	5473	tags=90%, list=36%, signal=140%	
REACTOME_PCNA_DEPENDENT_LONG_PATCH_BASE_EXCISION_REPAIR	REACTOME_PCNA_DEPENDENT_LONG_PATCH_BASE_EXCISION_REPAIR		20	-0.48408574	-1.7368358	0.022727273	0.11792189	1.0	2326	tags=50%, list=15%, signal=59%	
FRASOR_RESPONSE_TO_SERM_OR_FULVESTRANT_DN	FRASOR_RESPONSE_TO_SERM_OR_FULVESTRANT_DN		47	-0.3685858	-1.7329516	0.0	0.119472444	1.0	2434	tags=51%, list=16%, signal=61%	
REACTOME_HOMOLOGY_DIRECTED_REPAIR	REACTOME_HOMOLOGY_DIRECTED_REPAIR		121	-0.27526158	-1.7328627	0.0	0.11827511	1.0	3121	tags=36%, list=20%, signal=44%	
REACTOME_MITOCHONDRIAL_TRANSLATION	REACTOME_MITOCHONDRIAL_TRANSLATION		91	-0.32133555	-1.710988	0.0	0.13402325	1.0	2031	tags=36%, list=13%, signal=42%	
NAKAMURA_BRONCHIAL_AND_BRONCHIOLAR_EPITHELIA	NAKAMURA_BRONCHIAL_AND_BRONCHIOLAR_EPITHELIA		5	-0.75626755	-1.7073765	0.03345725	0.13584076	1.0	2975	tags=80%, list=19%, signal=99%	
KEGG_MEDICUS_REFERENCE_MICROTUBULE_DEPOLYMERIZATION	KEGG_MEDICUS_REFERENCE_MICROTUBULE_DEPOLYMERIZATION		16	-0.4906138	-1.7032086	0.0	0.13765949	1.0	2621	tags=56%, list=17%, signal=68%	
KEGG_MEDICUS_REFERENCE_DNA_REPLICATION_LICENSING	KEGG_MEDICUS_REFERENCE_DNA_REPLICATION_LICENSING		23	-0.45881644	-1.6993357	0.0	0.13957268	1.0	4338	tags=52%, list=28%, signal=73%	
REACTOME_RELAXIN_RECEPTORS	REACTOME_RELAXIN_RECEPTORS		5	-0.74662715	-1.6948805	0.05185185	0.14178544	1.0	3648	tags=80%, list=24%, signal=105%	
KEGG_MEDICUS_ENV_FACTOR_ZN_TO_ANTEROGRADE_AXONAL_TRANSPORT	KEGG_MEDICUS_ENV_FACTOR_ZN_TO_ANTEROGRADE_AXONAL_TRANSPORT		12	-0.5284313	-1.6842587	0.02027027	0.14928316	1.0	2221	tags=58%, list=15%, signal=68%	
REACTOME_G2_M_DNA_REPLICATION_CHECKPOINT	REACTOME_G2_M_DNA_REPLICATION_CHECKPOINT		5	-0.7664816	-1.6818488	0.034246575	0.1496052	1.0	3321	tags=80%, list=22%, signal=102%	
REACTOME_POLO_LIKE_KINASE_MEDIATED_EVENTS	REACTOME_POLO_LIKE_KINASE_MEDIATED_EVENTS		16	-0.50887096	-1.6771768	0.016528925	0.15233225	1.0	2895	tags=69%, list=19%, signal=85%	
KEGG_MEDICUS_REFERENCE_SPINDLE_ASSEMBLY_CHECKPOINT_SIGNALING	KEGG_MEDICUS_REFERENCE_SPINDLE_ASSEMBLY_CHECKPOINT_SIGNALING		19	-0.47161916	-1.6682135	0.011235955	0.15862133	1.0	2643	tags=58%, list=17%, signal=70%	
REACTOME_DNA_STRAND_ELONGATION	REACTOME_DNA_STRAND_ELONGATION		29	-0.4211068	-1.6589754	0.035714287	0.16572742	1.0	2326	tags=34%, list=15%, signal=41%	
REACTOME_FOLDING_OF_ACTIN_BY_CCT_TRIC	REACTOME_FOLDING_OF_ACTIN_BY_CCT_TRIC		10	-0.566487	-1.6585094	0.054054055	0.16463354	1.0	2530	tags=50%, list=17%, signal=60%	
REICHERT_MITOSIS_LIN9_TARGETS	REICHERT_MITOSIS_LIN9_TARGETS		26	-0.42588058	-1.65824	0.0	0.1632663	1.0	3831	tags=65%, list=25%, signal=87%	
LEE_METASTASIS_AND_RNA_PROCESSING_UP	LEE_METASTASIS_AND_RNA_PROCESSING_UP		16	-0.4830111	-1.6575651	0.02	0.1623635	1.0	1875	tags=56%, list=12%, signal=64%	
REACTOME_PROCESSIVE_SYNTHESIS_ON_THE_LAGGING_STRAND	REACTOME_PROCESSIVE_SYNTHESIS_ON_THE_LAGGING_STRAND		13	-0.50793606	-1.6548936	0.016528925	0.16327254	1.0	2203	tags=38%, list=14%, signal=45%	
REACTOME_HIGHLY_SODIUM_PERMEABLE_POSTSYNAPTIC_ACETYLCHOLINE_NICOTINIC_RECEPTORS	REACTOME_HIGHLY_SODIUM_PERMEABLE_POSTSYNAPTIC_ACETYLCHOLINE_NICOTINIC_RECEPTORS		6	-0.7031926	-1.64431	0.025641026	0.17146109	1.0	4064	tags=83%, list=27%, signal=113%	
KEGG_MEDICUS_ENV_FACTOR_IRON_TO_ANTEROGRADE_AXONAL_TRANSPORT	KEGG_MEDICUS_ENV_FACTOR_IRON_TO_ANTEROGRADE_AXONAL_TRANSPORT		12	-0.5048669	-1.6439481	0.03311258	0.17025597	1.0	2221	tags=50%, list=15%, signal=58%	
SCHLOSSER_MYC_AND_SERUM_RESPONSE_SYNERGY	SCHLOSSER_MYC_AND_SERUM_RESPONSE_SYNERGY		30	-0.4048866	-1.6424383	0.0	0.17002027	1.0	1492	tags=30%, list=10%, signal=33%	
REACTOME_ABORTIVE_ELONGATION_OF_HIV_1_TRANSCRIPT_IN_THE_ABSENCE_OF_TAT	REACTOME_ABORTIVE_ELONGATION_OF_HIV_1_TRANSCRIPT_IN_THE_ABSENCE_OF_TAT		23	-0.4285656	-1.6404713	0.013333334	0.1701271	1.0	2996	tags=48%, list=20%, signal=59%	
KEGG_MEDICUS_VARIANT_MUTATION_CAUSED_ABERRANT_DCTN1_TO_RETROGRADE_AXONAL_TRANSPORT	KEGG_MEDICUS_VARIANT_MUTATION_CAUSED_ABERRANT_DCTN1_TO_RETROGRADE_AXONAL_TRANSPORT		11	-0.55275166	-1.6293588	0.036363635	0.17972752	1.0	2221	tags=64%, list=15%, signal=74%	
WEBER_METHYLATED_HCP_IN_FIBROBLAST_UP	WEBER_METHYLATED_HCP_IN_FIBROBLAST_UP		6	-0.69812304	-1.6286554	0.02631579	0.17878337	1.0	4623	tags=100%, list=30%, signal=143%	
CROSBY_E2F4_TARGETS	CROSBY_E2F4_TARGETS		6	-0.711173	-1.6212592	0.043824703	0.18415448	1.0	4224	tags=83%, list=28%, signal=115%	
REACTOME_SEROTONIN_NEUROTRANSMITTER_RELEASE_CYCLE	REACTOME_SEROTONIN_NEUROTRANSMITTER_RELEASE_CYCLE		17	-0.4592439	-1.6193212	0.027777778	0.18453941	1.0	3179	tags=41%, list=21%, signal=52%	
KEGG_MEDICUS_VARIANT_MUTATION_CAUSED_ABERRANT_PDYN_TO_TRANSPORT_OF_CALCIUM	KEGG_MEDICUS_VARIANT_MUTATION_CAUSED_ABERRANT_PDYN_TO_TRANSPORT_OF_CALCIUM		6	-0.66692823	-1.6190627	0.06530612	0.18317927	1.0	5100	tags=100%, list=33%, signal=150%	
REACTOME_HDR_THROUGH_HOMOLOGOUS_RECOMBINATION_HRR	REACTOME_HDR_THROUGH_HOMOLOGOUS_RECOMBINATION_HRR		65	-0.33350787	-1.6187291	0.0	0.18191355	1.0	2861	tags=38%, list=19%, signal=47%	
KEGG_MISMATCH_REPAIR	KEGG_MISMATCH_REPAIR		21	-0.4166453	-1.6165645	0.028985508	0.18248549	1.0	2652	tags=48%, list=17%, signal=58%	
REACTOME_AURKA_ACTIVATION_BY_TPX2	REACTOME_AURKA_ACTIVATION_BY_TPX2		70	-0.29342934	-1.6157178	0.0	0.18186219	1.0	4262	tags=60%, list=28%, signal=83%	
REACTOME_PIWI_INTERACTING_RNA_PIRNA_BIOGENESIS	REACTOME_PIWI_INTERACTING_RNA_PIRNA_BIOGENESIS		28	-0.39877054	-1.6139312	0.017857144	0.18206728	1.0	5906	tags=68%, list=39%, signal=110%	
REACTOME_HIV_ELONGATION_ARREST_AND_RECOVERY	REACTOME_HIV_ELONGATION_ARREST_AND_RECOVERY		32	-0.40802366	-1.6098714	0.023809524	0.18450773	1.0	2128	tags=41%, list=14%, signal=47%	
BANG_VERTEPORFIN_ENDOMETRIAL_CANCER_CELLS_DN	BANG_VERTEPORFIN_ENDOMETRIAL_CANCER_CELLS_DN		10	-0.55485445	-1.6092643	0.03314917	0.18378025	1.0	3525	tags=60%, list=23%, signal=78%	
WP_DNA_MISMATCH_REPAIR	WP_DNA_MISMATCH_REPAIR		22	-0.4179346	-1.6078253	0.030303031	0.18361045	1.0	2652	tags=45%, list=17%, signal=55%	
KEGG_MEDICUS_REFERENCE_MODIFYING_OF_CONDENSIN_I_SUBUNITS	KEGG_MEDICUS_REFERENCE_MODIFYING_OF_CONDENSIN_I_SUBUNITS		5	-0.7373791	-1.6041249	0.0648855	0.18562038	1.0	4022	tags=100%, list=26%, signal=136%	
TESAR_ALK_AND_JAK_TARGETS_MOUSE_ES_D4_UP	TESAR_ALK_AND_JAK_TARGETS_MOUSE_ES_D4_UP		5	-0.7145541	-1.6029031	0.03986711	0.18532857	1.0	660	tags=40%, list=4%, signal=42%	
REACTOME_PHASE_1_INACTIVATION_OF_FAST_NA_CHANNELS	REACTOME_PHASE_1_INACTIVATION_OF_FAST_NA_CHANNELS		5	-0.72131765	-1.6028974	0.040145986	0.18384594	1.0	3450	tags=80%, list=23%, signal=103%	
REACTOME_INTERLEUKIN_18_SIGNALING	REACTOME_INTERLEUKIN_18_SIGNALING		7	-0.64478225	-1.6020274	0.047826085	0.18321764	1.0	2431	tags=43%, list=16%, signal=51%	
ISHIDA_E2F_TARGETS	ISHIDA_E2F_TARGETS		52	-0.34573218	-1.5966403	0.0	0.18683459	1.0	3557	tags=54%, list=23%, signal=70%	
REACTOME_HDR_THROUGH_SINGLE_STRAND_ANNEALING_SSA	REACTOME_HDR_THROUGH_SINGLE_STRAND_ANNEALING_SSA		36	-0.35032898	-1.5950058	0.0	0.18692794	1.0	2830	tags=39%, list=19%, signal=48%	
WP_DUAL_HIJACK_MODEL_OF_VIF_IN_HIV_INFECTION	WP_DUAL_HIJACK_MODEL_OF_VIF_IN_HIV_INFECTION		7	-0.6125506	-1.5881577	0.05859375	0.19230445	1.0	1573	tags=43%, list=10%, signal=48%	
BIOCARTA_CPSF_PATHWAY	BIOCARTA_CPSF_PATHWAY		8	-0.5769948	-1.5849133	0.06818182	0.1941583	1.0	2468	tags=38%, list=16%, signal=45%	
BRUNEAU_SEPTATION_VENTRICULAR	BRUNEAU_SEPTATION_VENTRICULAR		10	-0.55383813	-1.5847003	0.06629834	0.19284038	1.0	1559	tags=50%, list=10%, signal=56%	
KEGG_MEDICUS_REFERENCE_MICROTUBULE_NUCLEATION	KEGG_MEDICUS_REFERENCE_MICROTUBULE_NUCLEATION		19	-0.428367	-1.5762937	0.011111111	0.19930097	1.0	2642	tags=58%, list=17%, signal=70%	
REACTOME_OLFACTORY_SIGNALING_PATHWAY	REACTOME_OLFACTORY_SIGNALING_PATHWAY		44	-0.3911204	-1.5754799	0.0	0.19861855	1.0	3642	tags=41%, list=24%, signal=54%	
LOPEZ_MESOTELIOMA_SURVIVAL_TIME_UP	LOPEZ_MESOTELIOMA_SURVIVAL_TIME_UP		13	-0.5088493	-1.5724853	0.04761905	0.19996127	1.0	3173	tags=85%, list=21%, signal=107%	
PUJANA_BREAST_CANCER_WITH_BRCA1_MUTATED_UP	PUJANA_BREAST_CANCER_WITH_BRCA1_MUTATED_UP		55	-0.31330165	-1.5703542	0.0	0.20079279	1.0	2465	tags=36%, list=16%, signal=43%	
KEGG_MEDICUS_REFERENCE_KINETOCHORE_MICROTUBULE_ATTACHMENT	KEGG_MEDICUS_REFERENCE_KINETOCHORE_MICROTUBULE_ATTACHMENT		13	-0.49805367	-1.5698416	0.02962963	0.19978264	1.0	2303	tags=54%, list=15%, signal=63%	
WP_INTRAFLAGELLAR_TRANSPORT_PROTEINS_BINDING_TO_DYNEIN	WP_INTRAFLAGELLAR_TRANSPORT_PROTEINS_BINDING_TO_DYNEIN		26	-0.40514606	-1.5661328	0.04477612	0.20200957	1.0	2199	tags=38%, list=14%, signal=45%	
REACTOME_NOREPINEPHRINE_NEUROTRANSMITTER_RELEASE_CYCLE	REACTOME_NOREPINEPHRINE_NEUROTRANSMITTER_RELEASE_CYCLE		17	-0.4470131	-1.5587213	0.04	0.20813546	1.0	620	tags=18%, list=4%, signal=18%	
KEGG_MEDICUS_REFERENCE_STRAD_STK11_TSC_SIGNALING_PATHWAY	KEGG_MEDICUS_REFERENCE_STRAD_STK11_TSC_SIGNALING_PATHWAY		8	-0.56062526	-1.5554515	0.051502146	0.20993686	1.0	1222	tags=38%, list=8%, signal=41%	
MURAKAMI_UV_RESPONSE_24HR	MURAKAMI_UV_RESPONSE_24HR		16	-0.44717985	-1.5551319	0.053846154	0.20873988	1.0	1308	tags=38%, list=9%, signal=41%	
CHEMELLO_SOLEUS_VS_EDL_MYOFIBERS_DN	CHEMELLO_SOLEUS_VS_EDL_MYOFIBERS_DN		5	-0.7007592	-1.5551032	0.09354839	0.20732045	1.0	3531	tags=60%, list=23%, signal=78%	
ZERBINI_RESPONSE_TO_SULINDAC_DN	ZERBINI_RESPONSE_TO_SULINDAC_DN		6	-0.6686794	-1.5489645	0.093495935	0.21209323	1.0	3321	tags=67%, list=22%, signal=85%	
FU_INTERACT_WITH_ALKBH8	FU_INTERACT_WITH_ALKBH8		12	-0.50484186	-1.5433117	0.06993007	0.21628433	1.0	3169	tags=58%, list=21%, signal=74%	
KEGG_MEDICUS_VARIANT_MUTATION_CAUSED_ABERRANT_HTT_TO_RETROGRADE_AXONAL_TRANSPORT	KEGG_MEDICUS_VARIANT_MUTATION_CAUSED_ABERRANT_HTT_TO_RETROGRADE_AXONAL_TRANSPORT		38	-0.31968755	-1.5390588	0.041666668	0.21938552	1.0	1686	tags=29%, list=11%, signal=32%	
REN_BOUND_BY_E2F	REN_BOUND_BY_E2F		57	-0.32476768	-1.5360588	0.0	0.221027	1.0	3897	tags=47%, list=25%, signal=63%	
TANG_SENESCENCE_TP53_TARGETS_DN	TANG_SENESCENCE_TP53_TARGETS_DN		52	-0.31513658	-1.5345447	0.0	0.22110876	1.0	4729	tags=63%, list=31%, signal=92%	
WP_CELLULAR_PROTEOSTASIS	WP_CELLULAR_PROTEOSTASIS		6	-0.6605865	-1.5328107	0.06642067	0.22135429	1.0	1788	tags=50%, list=12%, signal=57%	
HU_GENOTOXIC_DAMAGE_4HR	HU_GENOTOXIC_DAMAGE_4HR		35	-0.37425372	-1.5136355	0.0	0.24022447	1.0	2409	tags=43%, list=16%, signal=51%	
KEGG_MEDICUS_REFERENCE_INACTIVATION_OF_CONDENSIN_I	KEGG_MEDICUS_REFERENCE_INACTIVATION_OF_CONDENSIN_I		6	-0.6381745	-1.5129548	0.107569724	0.2393778	1.0	1111	tags=50%, list=7%, signal=54%	
KEGG_MEDICUS_REFERENCE_MODIFYING_OF_CONDENSIN_II_SUBUNITS	KEGG_MEDICUS_REFERENCE_MODIFYING_OF_CONDENSIN_II_SUBUNITS		6	-0.64964855	-1.5105672	0.06910569	0.24036731	1.0	3321	tags=67%, list=22%, signal=85%	
KEGG_MEDICUS_REFERENCE_LOADING_OF_THE_SMC5_SMC6_COMPLEX	KEGG_MEDICUS_REFERENCE_LOADING_OF_THE_SMC5_SMC6_COMPLEX		9	-0.5436854	-1.5077925	0.069148935	0.24185577	1.0	4339	tags=67%, list=28%, signal=93%	
KEGG_MEDICUS_PATHOGEN_ESCHERICHIA_ESPG_TO_MICROTUBULE_RHOA_SIGNALING_PATHWAY	KEGG_MEDICUS_PATHOGEN_ESCHERICHIA_ESPG_TO_MICROTUBULE_RHOA_SIGNALING_PATHWAY		10	-0.53003645	-1.506172	0.075581394	0.24206088	1.0	2221	tags=60%, list=15%, signal=70%	
NAKAMURA_LUNG_CANCER_DIFFERENTIATION_MARKERS	NAKAMURA_LUNG_CANCER_DIFFERENTIATION_MARKERS		9	-0.5349116	-1.4967744	0.041860465	0.25107643	1.0	2975	tags=44%, list=19%, signal=55%	
KEGG_MEDICUS_REFERENCE_NAD_BIOSYNTHESIS	KEGG_MEDICUS_REFERENCE_NAD_BIOSYNTHESIS		11	-0.48752335	-1.4961656	0.07692308	0.25009328	1.0	2306	tags=45%, list=15%, signal=53%	
REACTOME_RESOLUTION_OF_AP_SITES_VIA_THE_MULTIPLE_NUCLEOTIDE_PATCH_REPLACEMENT_PATHWAY	REACTOME_RESOLUTION_OF_AP_SITES_VIA_THE_MULTIPLE_NUCLEOTIDE_PATCH_REPLACEMENT_PATHWAY		24	-0.37523308	-1.4939206	0.016393442	0.25093785	1.0	2326	tags=42%, list=15%, signal=49%	
REACTOME_E2F_ENABLED_INHIBITION_OF_PRE_REPLICATION_COMPLEX_FORMATION	REACTOME_E2F_ENABLED_INHIBITION_OF_PRE_REPLICATION_COMPLEX_FORMATION		9	-0.54708874	-1.4915252	0.078125	0.25180742	1.0	4338	tags=78%, list=28%, signal=109%	
KEGG_MEDICUS_PATHOGEN_EBV_EBNA3C_TO_P27_CELL_CYCLE_G1_S_N00482	KEGG_MEDICUS_PATHOGEN_EBV_EBNA3C_TO_P27_CELL_CYCLE_G1_S_N00482		9	-0.5419455	-1.4891943	0.081871346	0.25279143	1.0	3897	tags=56%, list=25%, signal=75%	
REACTOME_G2_PHASE	REACTOME_G2_PHASE		5	-0.68061525	-1.4887283	0.09774436	0.25172138	1.0	3897	tags=80%, list=25%, signal=107%	
REACTOME_MRNA_DECAY_BY_3_TO_5_EXORIBONUCLEASE	REACTOME_MRNA_DECAY_BY_3_TO_5_EXORIBONUCLEASE		13	-0.46620578	-1.4866822	0.092857145	0.25238568	1.0	2254	tags=46%, list=15%, signal=54%	
KEGG_MEDICUS_REFERENCE_TRANSPORT_OF_CALCIUM	KEGG_MEDICUS_REFERENCE_TRANSPORT_OF_CALCIUM		5	-0.66688466	-1.479119	0.11678832	0.2588334	1.0	5100	tags=100%, list=33%, signal=150%	
REACTOME_CLASS_C_3_METABOTROPIC_GLUTAMATE_PHEROMONE_RECEPTORS	REACTOME_CLASS_C_3_METABOTROPIC_GLUTAMATE_PHEROMONE_RECEPTORS		16	-0.42174932	-1.4783919	0.10344828	0.25796404	1.0	6421	tags=81%, list=42%, signal=140%	
WP_BIOMARKERS_FOR_UREA_CYCLE_DISORDERS	WP_BIOMARKERS_FOR_UREA_CYCLE_DISORDERS		9	-0.5175559	-1.4783299	0.098265894	0.25647682	1.0	2543	tags=56%, list=17%, signal=67%	
KEGG_MEDICUS_REFERENCE_HOMOLOGOUS_RECOMBINATION	KEGG_MEDICUS_REFERENCE_HOMOLOGOUS_RECOMBINATION		31	-0.35441664	-1.4764025	0.06122449	0.25683138	1.0	2497	tags=35%, list=16%, signal=42%	
REACTOME_PRESYNAPTIC_NICOTINIC_ACETYLCHOLINE_RECEPTORS	REACTOME_PRESYNAPTIC_NICOTINIC_ACETYLCHOLINE_RECEPTORS		10	-0.49742404	-1.4670463	0.08139535	0.26550725	1.0	978	tags=30%, list=6%, signal=32%	
REACTOME_AGGREPHAGY	REACTOME_AGGREPHAGY		34	-0.34104607	-1.4646705	0.025641026	0.26653916	1.0	2221	tags=41%, list=15%, signal=48%	
KEGG_MEDICUS_REFERENCE_MISMATCH_REPAIR	KEGG_MEDICUS_REFERENCE_MISMATCH_REPAIR		25	-0.37858742	-1.4628915	0.060606062	0.26688513	1.0	2652	tags=44%, list=17%, signal=53%	
BURTON_ADIPOGENESIS_PEAK_AT_24HR	BURTON_ADIPOGENESIS_PEAK_AT_24HR		40	-0.33691794	-1.4622538	0.0	0.26604185	1.0	2683	tags=55%, list=18%, signal=67%	
REACTOME_TRANSLESION_SYNTHESIS_BY_POLH	REACTOME_TRANSLESION_SYNTHESIS_BY_POLH		19	-0.4091265	-1.4552096	0.07070707	0.27282453	1.0	2497	tags=42%, list=16%, signal=50%	
REACTOME_CYCLIN_A_B1_B2_ASSOCIATED_EVENTS_DURING_G2_M_TRANSITION	REACTOME_CYCLIN_A_B1_B2_ASSOCIATED_EVENTS_DURING_G2_M_TRANSITION		25	-0.37947646	-1.4531864	0.04	0.2734709	1.0	3321	tags=64%, list=22%, signal=82%	
KEGG_MEDICUS_REFERENCE_BRANCHING_MICROTUBULE_NUCLEATION	KEGG_MEDICUS_REFERENCE_BRANCHING_MICROTUBULE_NUCLEATION		23	-0.3824961	-1.4531034	0.072289154	0.2719166	1.0	2672	tags=48%, list=17%, signal=58%	
REACTOME_RUNX1_INTERACTS_WITH_CO_FACTORS_WHOSE_PRECISE_EFFECT_ON_RUNX1_TARGETS_IS_NOT_KNOWN	REACTOME_RUNX1_INTERACTS_WITH_CO_FACTORS_WHOSE_PRECISE_EFFECT_ON_RUNX1_TARGETS_IS_NOT_KNOWN		37	-0.35730913	-1.4520408	0.0	0.27141362	1.0	2170	tags=30%, list=14%, signal=35%	
REACTOME_RECRUITMENT_OF_NUMA_TO_MITOTIC_CENTROSOMES	REACTOME_RECRUITMENT_OF_NUMA_TO_MITOTIC_CENTROSOMES		82	-0.28154463	-1.4505938	0.0	0.2713571	1.0	4262	tags=59%, list=28%, signal=81%	
KEGG_MEDICUS_REFERENCE_MICROTUBULE_DEPOLYMERIZATION_AT_THE_MINUS_ENDS	KEGG_MEDICUS_REFERENCE_MICROTUBULE_DEPOLYMERIZATION_AT_THE_MINUS_ENDS		13	-0.4801858	-1.4503531	0.070866145	0.2699773	1.0	2679	tags=62%, list=18%, signal=75%	
REACTOME_PROCESSING_OF_DNA_DOUBLE_STRAND_BREAK_ENDS	REACTOME_PROCESSING_OF_DNA_DOUBLE_STRAND_BREAK_ENDS		82	-0.2965433	-1.4501373	0.0	0.26865104	1.0	3504	tags=40%, list=23%, signal=52%	
BIOCARTA_RANMS_PATHWAY	BIOCARTA_RANMS_PATHWAY		10	-0.5141463	-1.4477136	0.119760476	0.27002606	1.0	5457	tags=90%, list=36%, signal=140%	
BIOCARTA_GABA_PATHWAY	BIOCARTA_GABA_PATHWAY		8	-0.53586626	-1.4387715	0.09836066	0.2783815	1.0	3471	tags=50%, list=23%, signal=65%	
REACTOME_HIV_TRANSCRIPTION_ELONGATION	REACTOME_HIV_TRANSCRIPTION_ELONGATION		40	-0.32538432	-1.4375459	0.060606062	0.27814463	1.0	3370	tags=50%, list=22%, signal=64%	
KEGG_MEDICUS_REFERENCE_KINETOCHORE_FIBER_ORGANIZATION	KEGG_MEDICUS_REFERENCE_KINETOCHORE_FIBER_ORGANIZATION		16	-0.41719496	-1.4350768	0.12173913	0.27949852	1.0	2231	tags=56%, list=15%, signal=66%	
KEGG_MEDICUS_REFERENCE_ASSEMBLY_AND_TRAFFICKING_OF_TELOMERASE	KEGG_MEDICUS_REFERENCE_ASSEMBLY_AND_TRAFFICKING_OF_TELOMERASE		18	-0.41569996	-1.430315	0.048543688	0.28341606	1.0	2530	tags=44%, list=17%, signal=53%	
REACTOME_ANCHORING_OF_THE_BASAL_BODY_TO_THE_PLASMA_MEMBRANE	REACTOME_ANCHORING_OF_THE_BASAL_BODY_TO_THE_PLASMA_MEMBRANE		95	-0.26121542	-1.429355	0.0	0.2830027	1.0	4262	tags=58%, list=28%, signal=80%	
REACTOME_DNA_DAMAGE_REVERSAL	REACTOME_DNA_DAMAGE_REVERSAL		8	-0.54337597	-1.4281415	0.109004736	0.28297606	1.0	2485	tags=50%, list=16%, signal=60%	
TSUTSUMI_FBXW8_TARGETS	TSUTSUMI_FBXW8_TARGETS		7	-0.5563	-1.418216	0.101626016	0.2924198	1.0	2170	tags=29%, list=14%, signal=33%	
NADERI_BREAST_CANCER_PROGNOSIS_UP	NADERI_BREAST_CANCER_PROGNOSIS_UP		43	-0.31123242	-1.4148028	0.041666668	0.29453814	1.0	3557	tags=58%, list=23%, signal=76%	
LIANG_SILENCED_BY_METHYLATION_DN	LIANG_SILENCED_BY_METHYLATION_DN		10	-0.49062818	-1.4117104	0.09202454	0.29673302	1.0	3633	tags=80%, list=24%, signal=105%	
KAMMINGA_EZH2_TARGETS	KAMMINGA_EZH2_TARGETS		39	-0.32632774	-1.4104476	0.0	0.2964907	1.0	3334	tags=46%, list=22%, signal=59%	
WP_PARKINUBIQUITIN_PROTEASOMAL_SYSTEM_PATHWAY	WP_PARKINUBIQUITIN_PROTEASOMAL_SYSTEM_PATHWAY		57	-0.2826147	-1.409636	0.0	0.29583165	1.0	1975	tags=35%, list=13%, signal=40%	
SCIAN_CELL_CYCLE_TARGETS_OF_TP53_AND_TP73_DN	SCIAN_CELL_CYCLE_TARGETS_OF_TP53_AND_TP73_DN		21	-0.3831486	-1.4059546	0.086021505	0.2985959	1.0	2369	tags=57%, list=15%, signal=68%	
KINNEY_DNMT1_METHYLATION_TARGETS	KINNEY_DNMT1_METHYLATION_TARGETS		9	-0.48976114	-1.4036739	0.116161615	0.299823	1.0	1368	tags=22%, list=9%, signal=24%	
STARK_HYPPOCAMPUS_22Q11_DELETION_DN	STARK_HYPPOCAMPUS_22Q11_DELETION_DN		17	-0.40527478	-1.4025775	0.106796116	0.29952607	1.0	1226	tags=35%, list=8%, signal=38%	
LY_AGING_PREMATURE_DN	LY_AGING_PREMATURE_DN		27	-0.31697562	-1.4013312	0.08928572	0.29963833	1.0	2182	tags=41%, list=14%, signal=47%	
REACTOME_CDC6_ASSOCIATION_WITH_THE_ORC_ORIGIN_COMPLEX	REACTOME_CDC6_ASSOCIATION_WITH_THE_ORC_ORIGIN_COMPLEX		8	-0.5211552	-1.391243	0.10047847	0.31042233	1.0	4338	tags=75%, list=28%, signal=105%	
KEGG_RNA_POLYMERASE	KEGG_RNA_POLYMERASE		26	-0.3376188	-1.3907462	0.0	0.30932432	1.0	2582	tags=31%, list=17%, signal=37%	
WP_AMINO_ACID_METABOLISM_PATHWAY_EXCERPT_HISTIDINE_CATABOLISM_EXTENSION	WP_AMINO_ACID_METABOLISM_PATHWAY_EXCERPT_HISTIDINE_CATABOLISM_EXTENSION		5	-0.6220649	-1.3803396	0.15862069	0.320539	1.0	4133	tags=80%, list=27%, signal=110%	
ODONNELL_TARGETS_OF_MYC_AND_TFRC_DN	ODONNELL_TARGETS_OF_MYC_AND_TFRC_DN		41	-0.32694215	-1.3787863	0.05263158	0.3207979	1.0	3931	tags=61%, list=26%, signal=82%	
MOLENAAR_TARGETS_OF_CCND1_AND_CDK4_DN	MOLENAAR_TARGETS_OF_CCND1_AND_CDK4_DN		56	-0.29832783	-1.3718352	0.0	0.3275658	1.0	3117	tags=52%, list=20%, signal=65%	
REACTOME_TRANSCRIPTION_COUPLED_NUCLEOTIDE_EXCISION_REPAIR_TC_NER	REACTOME_TRANSCRIPTION_COUPLED_NUCLEOTIDE_EXCISION_REPAIR_TC_NER		72	-0.2857479	-1.3701546	0.0	0.32795322	1.0	2326	tags=32%, list=15%, signal=37%	
REACTOME_POU5F1_OCT4_SOX2_NANOG_REPRESS_GENES_RELATED_TO_DIFFERENTIATION	REACTOME_POU5F1_OCT4_SOX2_NANOG_REPRESS_GENES_RELATED_TO_DIFFERENTIATION		5	-0.63203937	-1.3669709	0.18060201	0.33033308	1.0	71	tags=20%, list=0%, signal=20%	
KEGG_MEDICUS_REFERENCE_COHESIN_DISSOCIATION_IN_ANAPHASE	KEGG_MEDICUS_REFERENCE_COHESIN_DISSOCIATION_IN_ANAPHASE		16	-0.37668976	-1.3563368	0.07692308	0.34216768	1.0	2643	tags=50%, list=17%, signal=60%	
REACTOME_REGULATION_OF_TP53_ACTIVITY_THROUGH_PHOSPHORYLATION	REACTOME_REGULATION_OF_TP53_ACTIVITY_THROUGH_PHOSPHORYLATION		87	-0.24620186	-1.3507925	0.0	0.34768668	1.0	3121	tags=41%, list=20%, signal=52%	
SEMBA_FHIT_TARGETS_DN	SEMBA_FHIT_TARGETS_DN		9	-0.48966393	-1.3503442	0.11940298	0.34649727	1.0	3168	tags=67%, list=21%, signal=84%	
KEGG_MEDICUS_REFERENCE_RETROGRADE_AXONAL_TRANSPORT	KEGG_MEDICUS_REFERENCE_RETROGRADE_AXONAL_TRANSPORT		36	-0.32720578	-1.349032	0.07692308	0.34654847	1.0	1686	tags=31%, list=11%, signal=34%	
WP_GASTRIC_CANCER_NETWORK_1	WP_GASTRIC_CANCER_NETWORK_1		24	-0.33332813	-1.3489219	0.071428575	0.3449976	1.0	2303	tags=42%, list=15%, signal=49%	
WP_UREA_CYCLE_AND_METABOLISM_OF_AMINO_GROUPS	WP_UREA_CYCLE_AND_METABOLISM_OF_AMINO_GROUPS		16	-0.38777035	-1.3451476	0.13043478	0.34835777	1.0	658	tags=19%, list=4%, signal=20%	
REACTOME_NA_CL_DEPENDENT_NEUROTRANSMITTER_TRANSPORTERS	REACTOME_NA_CL_DEPENDENT_NEUROTRANSMITTER_TRANSPORTERS		17	-0.38620475	-1.344061	0.11	0.34810722	1.0	42	tags=6%, list=0%, signal=6%	
REACTOME_DEPOSITION_OF_NEW_CENPA_CONTAINING_NUCLEOSOMES_AT_THE_CENTROMERE	REACTOME_DEPOSITION_OF_NEW_CENPA_CONTAINING_NUCLEOSOMES_AT_THE_CENTROMERE		54	-0.30544713	-1.3439041	0.0	0.34666055	1.0	3624	tags=48%, list=24%, signal=63%	
REACTOME_RECYCLING_OF_EIF2_GDP	REACTOME_RECYCLING_OF_EIF2_GDP		7	-0.5336532	-1.3366216	0.15584415	0.35443157	1.0	1298	tags=29%, list=8%, signal=31%	
REACTOME_HOMOLOGOUS_DNA_PAIRING_AND_STRAND_EXCHANGE	REACTOME_HOMOLOGOUS_DNA_PAIRING_AND_STRAND_EXCHANGE		42	-0.2950927	-1.3346529	0.03448276	0.35522908	1.0	2830	tags=33%, list=19%, signal=41%	
KEGG_MEDICUS_VARIANT_MUTATION_CAUSED_ABERRANT_PSEN1_TO_ANTEROGRADE_AXONAL_TRANSPORT	KEGG_MEDICUS_VARIANT_MUTATION_CAUSED_ABERRANT_PSEN1_TO_ANTEROGRADE_AXONAL_TRANSPORT		9	-0.46843752	-1.332508	0.1030303	0.35615984	1.0	2745	tags=44%, list=18%, signal=54%	
WP_GASTRIC_ACID_PRODUCTION	WP_GASTRIC_ACID_PRODUCTION		5	-0.5984829	-1.3320998	0.16724738	0.35502115	1.0	6146	tags=100%, list=40%, signal=167%	
KEGG_MEDICUS_VARIANT_OLIGOMERIC_CONFORMATION_PRPC_TO_ANTEROGRADE_AXONAL_TRANSPORT	KEGG_MEDICUS_VARIANT_OLIGOMERIC_CONFORMATION_PRPC_TO_ANTEROGRADE_AXONAL_TRANSPORT		12	-0.42742208	-1.3234324	0.11409396	0.36461577	1.0	1965	tags=42%, list=13%, signal=48%	
KEGG_MEDICUS_REFERENCE_DOUBLE_HOLLIDAY_JUNCTION_RESOLUTION	KEGG_MEDICUS_REFERENCE_DOUBLE_HOLLIDAY_JUNCTION_RESOLUTION		5	-0.59336454	-1.3180804	0.16015625	0.3701412	1.0	2861	tags=60%, list=19%, signal=74%	
CHENG_TAF7L_TARGETS	CHENG_TAF7L_TARGETS		6	-0.5497109	-1.3157765	0.20542635	0.3715296	1.0	79	tags=17%, list=1%, signal=17%	
REACTOME_PEPTIDE_HORMONE_BIOSYNTHESIS	REACTOME_PEPTIDE_HORMONE_BIOSYNTHESIS		5	-0.6040139	-1.3140863	0.17437722	0.3720452	1.0	3942	tags=80%, list=26%, signal=108%	
REACTOME_DNA_DAMAGE_RECOGNITION_IN_GG_NER	REACTOME_DNA_DAMAGE_RECOGNITION_IN_GG_NER		37	-0.30640644	-1.3097658	0.07692308	0.37622696	1.0	1535	tags=27%, list=10%, signal=30%	
REACTOME_HIGHLY_CALCIUM_PERMEABLE_NICOTINIC_ACETYLCHOLINE_RECEPTORS	REACTOME_HIGHLY_CALCIUM_PERMEABLE_NICOTINIC_ACETYLCHOLINE_RECEPTORS		8	-0.5129369	-1.3073555	0.15	0.37783304	1.0	251	tags=25%, list=2%, signal=25%	
FARMER_BREAST_CANCER_CLUSTER_2	FARMER_BREAST_CANCER_CLUSTER_2		31	-0.300265	-1.3029121	0.09756097	0.38225067	1.0	4349	tags=71%, list=28%, signal=99%	
STONER_ESOPHAGEAL_CARCINOGENESIS_DN	STONER_ESOPHAGEAL_CARCINOGENESIS_DN		6	-0.56187314	-1.3020309	0.22267206	0.38158098	1.0	6133	tags=83%, list=40%, signal=139%	
REACTOME_TRANSCRIPTION_OF_THE_HIV_GENOME	REACTOME_TRANSCRIPTION_OF_THE_HIV_GENOME		63	-0.2765709	-1.3008704	0.0	0.38148668	1.0	3370	tags=48%, list=22%, signal=61%	
KEGG_MEDICUS_REFERENCE_TRAIP_DEPENDENT_REPLISOME_DISASSEMBLY	KEGG_MEDICUS_REFERENCE_TRAIP_DEPENDENT_REPLISOME_DISASSEMBLY		15	-0.39322588	-1.2970016	0.13709678	0.38522995	1.0	1266	tags=27%, list=8%, signal=29%	
HOFMANN_MYELODYSPLASTIC_SYNDROM_LOW_RISK_UP	HOFMANN_MYELODYSPLASTIC_SYNDROM_LOW_RISK_UP		16	-0.38186857	-1.2907416	0.12871288	0.39172122	1.0	1362	tags=25%, list=9%, signal=27%	
KEGG_MEDICUS_PATHOGEN_HTLV_1_TAX_TO_SPINDLE_ASSEMBLY_CHECKPOINT_SIGNALING	KEGG_MEDICUS_PATHOGEN_HTLV_1_TAX_TO_SPINDLE_ASSEMBLY_CHECKPOINT_SIGNALING		15	-0.41185522	-1.289152	0.13913043	0.39212954	1.0	2643	tags=53%, list=17%, signal=64%	
REACTOME_NUCLEOTIDE_EXCISION_REPAIR	REACTOME_NUCLEOTIDE_EXCISION_REPAIR		104	-0.25535414	-1.2861472	0.0	0.394773	1.0	2326	tags=31%, list=15%, signal=36%	
REACTOME_NEF_MEDIATED_CD8_DOWN_REGULATION	REACTOME_NEF_MEDIATED_CD8_DOWN_REGULATION		7	-0.5289141	-1.2852309	0.19111112	0.39432445	1.0	2612	tags=57%, list=17%, signal=69%	
REACTOME_GLUCOCORTICOID_BIOSYNTHESIS	REACTOME_GLUCOCORTICOID_BIOSYNTHESIS		8	-0.47546592	-1.2841581	0.20100503	0.3940152	1.0	2807	tags=50%, list=18%, signal=61%	
KEGG_MEDICUS_REFERENCE_NOTCH_MESP2_SIGNALING	KEGG_MEDICUS_REFERENCE_NOTCH_MESP2_SIGNALING		5	-0.57999897	-1.2831552	0.22348484	0.39359245	1.0	1215	tags=20%, list=8%, signal=22%	
MYLLYKANGAS_AMPLIFICATION_HOT_SPOT_21	MYLLYKANGAS_AMPLIFICATION_HOT_SPOT_21		5	-0.5842879	-1.282624	0.23411371	0.39263257	1.0	273	tags=40%, list=2%, signal=41%	
WEBER_METHYLATED_ICP_IN_SPERM_UP	WEBER_METHYLATED_ICP_IN_SPERM_UP		5	-0.5876929	-1.2790376	0.22558923	0.39570275	1.0	6311	tags=100%, list=41%, signal=170%	
KEGG_OLFACTORY_TRANSDUCTION	KEGG_OLFACTORY_TRANSDUCTION		57	-0.2652798	-1.277381	0.05882353	0.3963049	1.0	2533	tags=28%, list=17%, signal=34%	
REACTOME_RECRUITMENT_OF_MITOTIC_CENTROSOME_PROTEINS_AND_COMPLEXES	REACTOME_RECRUITMENT_OF_MITOTIC_CENTROSOME_PROTEINS_AND_COMPLEXES		74	-0.25333804	-1.2751231	0.0	0.39773467	1.0	4262	tags=58%, list=28%, signal=80%	
WP_NUCLEOTIDE_EXCISION_REPAIR_IN_XERODERMA_PIGMENTOSUM	WP_NUCLEOTIDE_EXCISION_REPAIR_IN_XERODERMA_PIGMENTOSUM		61	-0.23738894	-1.2707468	0.0	0.40224212	1.0	2497	tags=33%, list=16%, signal=39%	
KEGG_ASTHMA	KEGG_ASTHMA		7	-0.4700801	-1.2683281	0.1495327	0.4038929	1.0	1893	tags=43%, list=12%, signal=49%	
PID_ATR_PATHWAY	PID_ATR_PATHWAY		37	-0.2914456	-1.2679894	0.030303031	0.40258512	1.0	3348	tags=49%, list=22%, signal=62%	
WP_ACETYLCHOLINE_SYNTHESIS	WP_ACETYLCHOLINE_SYNTHESIS		5	-0.56452847	-1.2679601	0.22627737	0.40089837	1.0	3127	tags=60%, list=20%, signal=75%	
PID_MYC_PATHWAY	PID_MYC_PATHWAY		22	-0.31970412	-1.2663221	0.16470589	0.40139982	1.0	2785	tags=50%, list=18%, signal=61%	
REACTOME_CYTOSOLIC_IRON_SULFUR_CLUSTER_ASSEMBLY	REACTOME_CYTOSOLIC_IRON_SULFUR_CLUSTER_ASSEMBLY		12	-0.3980052	-1.2662312	0.14285715	0.3998553	1.0	2488	tags=50%, list=16%, signal=60%	
REACTOME_ACTIVATION_OF_THE_PRE_REPLICATIVE_COMPLEX	REACTOME_ACTIVATION_OF_THE_PRE_REPLICATIVE_COMPLEX		30	-0.3048183	-1.2634379	0.071428575	0.40206653	1.0	4607	tags=50%, list=30%, signal=71%	
LY_AGING_OLD_DN	LY_AGING_OLD_DN		53	-0.2591192	-1.2629942	0.07692308	0.40103117	1.0	2434	tags=43%, list=16%, signal=51%	
REACTOME_TRANSLESION_SYNTHESIS_BY_POLK	REACTOME_TRANSLESION_SYNTHESIS_BY_POLK		17	-0.37310752	-1.2609916	0.15686275	0.40207395	1.0	2326	tags=41%, list=15%, signal=49%	
KEGG_RNA_DEGRADATION	KEGG_RNA_DEGRADATION		54	-0.2506579	-1.2459215	0.06666667	0.42188814	1.0	1445	tags=22%, list=9%, signal=24%	
REACTOME_FORMATION_OF_THE_EARLY_ELONGATION_COMPLEX	REACTOME_FORMATION_OF_THE_EARLY_ELONGATION_COMPLEX		31	-0.30487478	-1.2419101	0.14893617	0.4260176	1.0	2996	tags=45%, list=20%, signal=56%	
REACTOME_APC_CDC20_MEDIATED_DEGRADATION_OF_NEK2A	REACTOME_APC_CDC20_MEDIATED_DEGRADATION_OF_NEK2A		25	-0.31903505	-1.2409503	0.15584415	0.4257156	1.0	2852	tags=48%, list=19%, signal=59%	
KEGG_MEDICUS_REFERENCE_MICROTUBULE_RHOA_SIGNALING_PATHWAY	KEGG_MEDICUS_REFERENCE_MICROTUBULE_RHOA_SIGNALING_PATHWAY		14	-0.38420138	-1.237113	0.19565217	0.4292893	1.0	2221	tags=43%, list=15%, signal=50%	
WP_GPCRS_CLASS_C_METABOTROPIC_GLUTAMATE_PHEROMONE	WP_GPCRS_CLASS_C_METABOTROPIC_GLUTAMATE_PHEROMONE		13	-0.39498824	-1.2366705	0.18439716	0.42820737	1.0	9261	tags=100%, list=61%, signal=253%	
FOURNIER_ACINAR_DEVELOPMENT_LATE_DN	FOURNIER_ACINAR_DEVELOPMENT_LATE_DN		19	-0.34390637	-1.2323378	0.1521739	0.43300045	1.0	4022	tags=58%, list=26%, signal=78%	
MEBARKI_HCC_PROGENITOR_WNT_DN_CTNNB1_INDEPENDENT	MEBARKI_HCC_PROGENITOR_WNT_DN_CTNNB1_INDEPENDENT		11	-0.41058812	-1.2323215	0.2021858	0.43125767	1.0	822	tags=27%, list=5%, signal=29%	
REACTOME_UCH_PROTEINASES	REACTOME_UCH_PROTEINASES		99	-0.2044008	-1.2247573	0.0	0.4407409	1.0	2017	tags=25%, list=13%, signal=29%	
LE_NEURONAL_DIFFERENTIATION_DN	LE_NEURONAL_DIFFERENTIATION_DN		19	-0.3401831	-1.2247082	0.24468085	0.43901834	1.0	2182	tags=53%, list=14%, signal=61%	
ZHAN_V1_LATE_DIFFERENTIATION_GENES_DN	ZHAN_V1_LATE_DIFFERENTIATION_GENES_DN		15	-0.35331717	-1.2246717	0.22627737	0.43729678	1.0	1079	tags=27%, list=7%, signal=29%	
KEGG_MEDICUS_REFERENCE_HOMOLOGOUS_RECOMBINATION_IN_ICLR	KEGG_MEDICUS_REFERENCE_HOMOLOGOUS_RECOMBINATION_IN_ICLR		15	-0.36656025	-1.2228252	0.15384616	0.438447	1.0	5860	tags=73%, list=38%, signal=119%	
KEGG_MEDICUS_REFERENCE_ORIGIN_UNWINDING_AND_ELONGATION	KEGG_MEDICUS_REFERENCE_ORIGIN_UNWINDING_AND_ELONGATION		28	-0.30375195	-1.2179292	0.16949153	0.4441803	1.0	2326	tags=29%, list=15%, signal=34%	
WP_ENTEROHEPATIC_CIRCULATION_OF_BILE_ACIDS	WP_ENTEROHEPATIC_CIRCULATION_OF_BILE_ACIDS		9	-0.4417844	-1.2176821	0.22660099	0.44271934	1.0	8544	tags=100%, list=56%, signal=226%	
KEGG_MEDICUS_REFERENCE_UCHL1_MEDIATED_HYDROLYSIS	KEGG_MEDICUS_REFERENCE_UCHL1_MEDIATED_HYDROLYSIS		5	-0.55570734	-1.2172275	0.2326389	0.44166285	1.0	1415	tags=60%, list=9%, signal=66%	
REACTOME_DUAL_INCISION_IN_TC_NER	REACTOME_DUAL_INCISION_IN_TC_NER		60	-0.25201318	-1.2141098	0.0	0.4444575	1.0	2326	tags=28%, list=15%, signal=33%	
NIKOLSKY_BREAST_CANCER_1Q32_AMPLICON	NIKOLSKY_BREAST_CANCER_1Q32_AMPLICON		8	-0.46157405	-1.211072	0.19665273	0.44721043	1.0	844	tags=38%, list=6%, signal=40%	
HOLLEMAN_PREDNISOLONE_RESISTANCE_B_ALL_UP	HOLLEMAN_PREDNISOLONE_RESISTANCE_B_ALL_UP		21	-0.30858344	-1.2099571	0.17045455	0.44708848	1.0	1419	tags=33%, list=9%, signal=37%	
HOLLEMAN_DAUNORUBICIN_ALL_DN	HOLLEMAN_DAUNORUBICIN_ALL_DN		7	-0.47006178	-1.2005427	0.20762712	0.45990714	1.0	5034	tags=57%, list=33%, signal=85%	
TESAR_ALK_TARGETS_EPISC_4D_UP	TESAR_ALK_TARGETS_EPISC_4D_UP		6	-0.51176125	-1.199157	0.26587301	0.46031436	1.0	660	tags=33%, list=4%, signal=35%	
MATZUK_SPERMATOCYTE	MATZUK_SPERMATOCYTE		68	-0.28193566	-1.1973563	0.0	0.4611962	1.0	4265	tags=54%, list=28%, signal=75%	
KEGG_MEDICUS_REFERENCE_CENPE_INTERACTION_WITH_NDC80_COMPLEX	KEGG_MEDICUS_REFERENCE_CENPE_INTERACTION_WITH_NDC80_COMPLEX		12	-0.3869867	-1.1972028	0.21052632	0.45959112	1.0	3831	tags=83%, list=25%, signal=111%	
WEST_ADRENOCORTICAL_TUMOR_MARKERS_UP	WEST_ADRENOCORTICAL_TUMOR_MARKERS_UP		19	-0.3308998	-1.1964529	0.18309858	0.45902383	1.0	5222	tags=68%, list=34%, signal=104%	
TESAR_ALK_TARGETS_EPISC_3D_UP	TESAR_ALK_TARGETS_EPISC_3D_UP		6	-0.51580054	-1.1919979	0.25855514	0.46438107	1.0	660	tags=33%, list=4%, signal=35%	
WP_GENES_ASSOCIATED_WITH_THE_DEVELOPMENT_OF_RHEUMATOID_ARTHRITIS	WP_GENES_ASSOCIATED_WITH_THE_DEVELOPMENT_OF_RHEUMATOID_ARTHRITIS		12	-0.38777196	-1.1913598	0.221519	0.46364772	1.0	145	tags=17%, list=1%, signal=17%	
MORI_IMMATURE_B_LYMPHOCYTE_DN	MORI_IMMATURE_B_LYMPHOCYTE_DN		82	-0.26632783	-1.1911091	0.0	0.4622302	1.0	3018	tags=46%, list=20%, signal=57%	
KEGG_MEDICUS_VARIANT_IGH_MMSET_FUSION_TO_TRANSCRIPTIONAL_ACTIVATION	KEGG_MEDICUS_VARIANT_IGH_MMSET_FUSION_TO_TRANSCRIPTIONAL_ACTIVATION		13	-0.3552338	-1.1832784	0.21481481	0.47254953	1.0	3638	tags=62%, list=24%, signal=81%	
REACTOME_VOLTAGE_GATED_POTASSIUM_CHANNELS	REACTOME_VOLTAGE_GATED_POTASSIUM_CHANNELS		37	-0.26077944	-1.1818734	0.19444445	0.4730567	1.0	3641	tags=43%, list=24%, signal=57%	
YU_MYC_TARGETS_UP	YU_MYC_TARGETS_UP		42	-0.25053915	-1.1811416	0.2173913	0.47244066	1.0	3633	tags=57%, list=24%, signal=75%	
KEGG_MEDICUS_VARIANT_AMPLIFIED_CCNE_TO_CELL_CYCLE_G1_S	KEGG_MEDICUS_VARIANT_AMPLIFIED_CCNE_TO_CELL_CYCLE_G1_S		6	-0.5081407	-1.1746905	0.25680932	0.48083428	1.0	3897	tags=50%, list=25%, signal=67%	
MORI_LARGE_PRE_BII_LYMPHOCYTE_UP	MORI_LARGE_PRE_BII_LYMPHOCYTE_UP		81	-0.23751062	-1.1737767	0.33333334	0.48055005	1.0	3018	tags=47%, list=20%, signal=58%	
WP_AMINO_ACID_TRANSPORT_DEFECTS_IEMS	WP_AMINO_ACID_TRANSPORT_DEFECTS_IEMS		6	-0.47159663	-1.1704894	0.26859504	0.4839083	1.0	2209	tags=33%, list=14%, signal=39%	
REACTOME_MISCELLANEOUS_SUBSTRATES	REACTOME_MISCELLANEOUS_SUBSTRATES		6	-0.4761314	-1.166179	0.26859504	0.4893476	1.0	2541	tags=50%, list=17%, signal=60%	
BENPORATH_ES_CORE_NINE	BENPORATH_ES_CORE_NINE		9	-0.42506245	-1.165463	0.2512563	0.48874003	1.0	660	tags=33%, list=4%, signal=35%	
WP_EUKARYOTIC_TRANSCRIPTION_INITIATION	WP_EUKARYOTIC_TRANSCRIPTION_INITIATION		37	-0.27273384	-1.1626562	0.15625	0.49140227	1.0	2582	tags=43%, list=17%, signal=52%	
REACTOME_MITOPHAGY	REACTOME_MITOPHAGY		37	-0.27049348	-1.1610193	0.22222222	0.49238333	1.0	2456	tags=38%, list=16%, signal=45%	
PID_RHODOPSIN_PATHWAY	PID_RHODOPSIN_PATHWAY		19	-0.31103805	-1.1609635	0.22222222	0.49068624	1.0	2533	tags=37%, list=17%, signal=44%	
KEGG_MEDICUS_PATHOGEN_HTLV_1_TAX_TO_P21_CELL_CYCLE_G1_S_N00498	KEGG_MEDICUS_PATHOGEN_HTLV_1_TAX_TO_P21_CELL_CYCLE_G1_S_N00498		8	-0.44243544	-1.1593357	0.24434389	0.4914622	1.0	6447	tags=88%, list=42%, signal=151%	
REACTOME_CHYLOMICRON_REMODELING	REACTOME_CHYLOMICRON_REMODELING		9	-0.43311545	-1.1584609	0.30208334	0.4911184	1.0	2502	tags=44%, list=16%, signal=53%	
MUNSHI_MULTIPLE_MYELOMA_DN	MUNSHI_MULTIPLE_MYELOMA_DN		8	-0.42571902	-1.1535585	0.26872247	0.4975801	1.0	1815	tags=50%, list=12%, signal=57%	
WP_NAD_BIOSYNTHESIS_II_FROM_TRYPTOPHAN	WP_NAD_BIOSYNTHESIS_II_FROM_TRYPTOPHAN		8	-0.4535531	-1.1521988	0.26363635	0.49811038	1.0	1033	tags=25%, list=7%, signal=27%	
KEGG_MEDICUS_REFERENCE_DNA_REPLICATION_TERMINATION	KEGG_MEDICUS_REFERENCE_DNA_REPLICATION_TERMINATION		19	-0.31263515	-1.1512825	0.18888889	0.49789456	1.0	1573	tags=21%, list=10%, signal=23%	
KEGG_MEDICUS_VARIANT_TEL_AML1_FUSION_TO_TRANSCRIPTIONAL_REPRESSION	KEGG_MEDICUS_VARIANT_TEL_AML1_FUSION_TO_TRANSCRIPTIONAL_REPRESSION		7	-0.46033087	-1.1486137	0.2658228	0.5005355	1.0	22	tags=14%, list=0%, signal=14%	
KEGG_MEDICUS_REFERENCE_FANCONI_ANEMIA_PATHWAY	KEGG_MEDICUS_REFERENCE_FANCONI_ANEMIA_PATHWAY		19	-0.3266426	-1.1469661	0.29126215	0.5015249	1.0	1546	tags=26%, list=10%, signal=29%	
REACTOME_THE_FATTY_ACID_CYCLING_MODEL	REACTOME_THE_FATTY_ACID_CYCLING_MODEL		5	-0.523419	-1.1440203	0.32291666	0.50479084	1.0	4357	tags=60%, list=28%, signal=84%	
REACTOME_TRNA_PROCESSING_IN_THE_MITOCHONDRION	REACTOME_TRNA_PROCESSING_IN_THE_MITOCHONDRION		5	-0.5276844	-1.1402407	0.2857143	0.5094056	1.0	925	tags=40%, list=6%, signal=43%	
KEGG_MEDICUS_PATHOGEN_HPV_E7_TO_P27_CELL_CYCLE_G1_S	KEGG_MEDICUS_PATHOGEN_HPV_E7_TO_P27_CELL_CYCLE_G1_S		7	-0.46570536	-1.1364224	0.28099173	0.51419216	1.0	3897	tags=43%, list=25%, signal=57%	
REACTOME_TRAFFICKING_OF_AMPA_RECEPTORS	REACTOME_TRAFFICKING_OF_AMPA_RECEPTORS		27	-0.2782682	-1.1360689	0.22413793	0.51303667	1.0	2612	tags=41%, list=17%, signal=49%	
WHITFIELD_CELL_CYCLE_LITERATURE	WHITFIELD_CELL_CYCLE_LITERATURE		44	-0.24903743	-1.1338394	0.26666668	0.51492035	1.0	3675	tags=50%, list=24%, signal=66%	
REACTOME_CONVERSION_FROM_APC_C_CDC20_TO_APC_C_CDH1_IN_LATE_ANAPHASE	REACTOME_CONVERSION_FROM_APC_C_CDC20_TO_APC_C_CDH1_IN_LATE_ANAPHASE		20	-0.2973562	-1.1305348	0.27722773	0.5186993	1.0	2852	tags=45%, list=19%, signal=55%	
REACTOME_ACETYLCHOLINE_BINDING_AND_DOWNSTREAM_EVENTS	REACTOME_ACETYLCHOLINE_BINDING_AND_DOWNSTREAM_EVENTS		12	-0.35842994	-1.1287771	0.2733813	0.52010345	1.0	978	tags=25%, list=6%, signal=27%	
KEGG_HOMOLOGOUS_RECOMBINATION	KEGG_HOMOLOGOUS_RECOMBINATION		26	-0.2992808	-1.1286542	0.26984128	0.5185772	1.0	2298	tags=31%, list=15%, signal=36%	
REACTOME_FLT3_SIGNALING_BY_CBL_MUTANTS	REACTOME_FLT3_SIGNALING_BY_CBL_MUTANTS		7	-0.43575844	-1.1264436	0.26956522	0.52071404	1.0	1415	tags=43%, list=9%, signal=47%	
REACTOME_PROCESSING_OF_INTRONLESS_PRE_MRNAS	REACTOME_PROCESSING_OF_INTRONLESS_PRE_MRNAS		19	-0.30777484	-1.121853	0.26881722	0.5269409	1.0	3239	tags=37%, list=21%, signal=47%	
REACTOME_ACTIVATION_OF_AMPK_DOWNSTREAM_OF_NMDARS	REACTOME_ACTIVATION_OF_AMPK_DOWNSTREAM_OF_NMDARS		20	-0.29932827	-1.1214123	0.2736842	0.5259441	1.0	2221	tags=40%, list=15%, signal=47%	
REACTOME_DEADENYLATION_DEPENDENT_MRNA_DECAY	REACTOME_DEADENYLATION_DEPENDENT_MRNA_DECAY		53	-0.24804015	-1.1172532	0.22222222	0.5317874	1.0	1445	tags=23%, list=9%, signal=25%	
KEGG_MEDICUS_REFERENCE_BREAK_INDUCED_REPLICATION	KEGG_MEDICUS_REFERENCE_BREAK_INDUCED_REPLICATION		6	-0.47219378	-1.1151685	0.29113925	0.5335934	1.0	2203	tags=33%, list=14%, signal=39%	
REACTOME_MEIOTIC_RECOMBINATION	REACTOME_MEIOTIC_RECOMBINATION		64	-0.22823177	-1.1142365	0.11111111	0.5334019	1.0	3675	tags=42%, list=24%, signal=55%	
XU_AKT1_TARGETS_48HR	XU_AKT1_TARGETS_48HR		7	-0.443107	-1.1138208	0.3275862	0.5323186	1.0	6100	tags=86%, list=40%, signal=142%	
REACTOME_ACETYLCHOLINE_NEUROTRANSMITTER_RELEASE_CYCLE	REACTOME_ACETYLCHOLINE_NEUROTRANSMITTER_RELEASE_CYCLE		14	-0.3390045	-1.1135085	0.2932331	0.53112733	1.0	3179	tags=36%, list=21%, signal=45%	
REACTOME_SEALING_OF_THE_NUCLEAR_ENVELOPE_NE_BY_ESCRT_III	REACTOME_SEALING_OF_THE_NUCLEAR_ENVELOPE_NE_BY_ESCRT_III		23	-0.29163697	-1.1120877	0.29032257	0.5317898	1.0	1639	tags=30%, list=11%, signal=34%	
WP_BIOGENIC_AMINE_SYNTHESIS	WP_BIOGENIC_AMINE_SYNTHESIS		11	-0.36231533	-1.1115116	0.3243243	0.5309894	1.0	1361	tags=27%, list=9%, signal=30%	
REACTOME_RUNX3_REGULATES_P14_ARF	REACTOME_RUNX3_REGULATES_P14_ARF		9	-0.41672766	-1.1104726	0.30653265	0.53101325	1.0	867	tags=33%, list=6%, signal=35%	
KONG_E2F1_TARGETS	KONG_E2F1_TARGETS		9	-0.39724076	-1.1072106	0.32022473	0.5349024	1.0	1129	tags=33%, list=7%, signal=36%	
REACTOME_DNA_DAMAGE_BYPASS	REACTOME_DNA_DAMAGE_BYPASS		46	-0.25112796	-1.1060604	0.23529412	0.5351781	1.0	2497	tags=35%, list=16%, signal=41%	
REACTOME_GLUTAMATE_NEUROTRANSMITTER_RELEASE_CYCLE	REACTOME_GLUTAMATE_NEUROTRANSMITTER_RELEASE_CYCLE		22	-0.29696044	-1.1047871	0.30666667	0.53572226	1.0	620	tags=18%, list=4%, signal=19%	
PID_FANCONI_PATHWAY	PID_FANCONI_PATHWAY		45	-0.23406689	-1.101883	0.24	0.5390816	1.0	2465	tags=29%, list=16%, signal=34%	
REACTOME_REGULATION_OF_PLK1_ACTIVITY_AT_G2_M_TRANSITION	REACTOME_REGULATION_OF_PLK1_ACTIVITY_AT_G2_M_TRANSITION		85	-0.24650139	-1.1007738	0.25	0.5392614	1.0	4262	tags=58%, list=28%, signal=79%	
YAMANAKA_GLIOBLASTOMA_SURVIVAL_UP	YAMANAKA_GLIOBLASTOMA_SURVIVAL_UP		8	-0.42336357	-1.100671	0.30769232	0.5376886	1.0	32	tags=13%, list=0%, signal=13%	
KEGG_MEDICUS_REFERENCE_PROMOTION_OF_MICROTUBULE_GROWTH	KEGG_MEDICUS_REFERENCE_PROMOTION_OF_MICROTUBULE_GROWTH		15	-0.31777653	-1.099397	0.25663716	0.538232	1.0	2221	tags=40%, list=15%, signal=47%	
WP_LIPID_PARTICLES_COMPOSITION	WP_LIPID_PARTICLES_COMPOSITION		8	-0.41189003	-1.0960262	0.3148148	0.542453	1.0	2502	tags=38%, list=16%, signal=45%	
REACTOME_SELECTIVE_AUTOPHAGY	REACTOME_SELECTIVE_AUTOPHAGY		78	-0.22148666	-1.095286	0.25	0.5420696	1.0	2574	tags=35%, list=17%, signal=41%	
WP_DOPAMINERGIC_NEUROGENESIS	WP_DOPAMINERGIC_NEUROGENESIS		23	-0.28989324	-1.0928345	0.35526314	0.5446954	1.0	1233	tags=22%, list=8%, signal=24%	
REACTOME_NEUROTRANSMITTER_RELEASE_CYCLE	REACTOME_NEUROTRANSMITTER_RELEASE_CYCLE		44	-0.22584778	-1.0896289	0.3181818	0.5487771	1.0	620	tags=11%, list=4%, signal=12%	
REACTOME_APC_C_CDC20_MEDIATED_DEGRADATION_OF_CYCLIN_B	REACTOME_APC_C_CDC20_MEDIATED_DEGRADATION_OF_CYCLIN_B		24	-0.29448983	-1.0886053	0.36363637	0.54885167	1.0	2852	tags=46%, list=19%, signal=56%	
REACTOME_RUNX1_AND_FOXP3_CONTROL_THE_DEVELOPMENT_OF_REGULATORY_T_LYMPHOCYTES_TREGS	REACTOME_RUNX1_AND_FOXP3_CONTROL_THE_DEVELOPMENT_OF_REGULATORY_T_LYMPHOCYTES_TREGS		6	-0.45268357	-1.0829812	0.33195022	0.5574219	1.0	22	tags=17%, list=0%, signal=17%	
ZHAN_MULTIPLE_MYELOMA_SUBGROUPS	ZHAN_MULTIPLE_MYELOMA_SUBGROUPS		29	-0.26954377	-1.0826042	0.2857143	0.5563805	1.0	3008	tags=45%, list=20%, signal=56%	
REACTOME_ACTIVATION_OF_THE_PHOTOTRANSDUCTION_CASCADE	REACTOME_ACTIVATION_OF_THE_PHOTOTRANSDUCTION_CASCADE		7	-0.43419015	-1.0812925	0.33484164	0.5569945	1.0	2018	tags=43%, list=13%, signal=49%	
GRAHAM_NORMAL_QUIESCENT_VS_NORMAL_DIVIDING_DN	GRAHAM_NORMAL_QUIESCENT_VS_NORMAL_DIVIDING_DN		81	-0.1901044	-1.0772089	0.0	0.5627491	1.0	3633	tags=43%, list=24%, signal=56%	
KEGG_MEDICUS_REFERENCE_TRANSCRIPTIONAL_ACTIVATION_BY_ACETYLATION_OF_H3K27	KEGG_MEDICUS_REFERENCE_TRANSCRIPTIONAL_ACTIVATION_BY_ACETYLATION_OF_H3K27		14	-0.35133675	-1.0767152	0.35	0.5619221	1.0	3047	tags=50%, list=20%, signal=62%	
KEGG_MEDICUS_REFERENCE_TRAPPI_RAB1_SIGNALING_PATHWAY	KEGG_MEDICUS_REFERENCE_TRAPPI_RAB1_SIGNALING_PATHWAY		8	-0.3951553	-1.0762094	0.34715027	0.56117105	1.0	3777	tags=75%, list=25%, signal=100%	
SHIN_B_CELL_LYMPHOMA_CLUSTER_9	SHIN_B_CELL_LYMPHOMA_CLUSTER_9		18	-0.2979428	-1.0760602	0.3125	0.55972934	1.0	91	tags=11%, list=1%, signal=11%	
ZHENG_FOXP3_TARGETS_DN	ZHENG_FOXP3_TARGETS_DN		6	-0.43477184	-1.0724726	0.32467532	0.56457895	1.0	1722	tags=33%, list=11%, signal=38%	
BIOCARTA_TH1TH2_PATHWAY	BIOCARTA_TH1TH2_PATHWAY		10	-0.37373003	-1.0707788	0.3314917	0.5658864	1.0	12	tags=10%, list=0%, signal=10%	
KEGG_MEDICUS_REFERENCE_PKR_EIF2ALPHA_SIGNALING_PATHWAY	KEGG_MEDICUS_REFERENCE_PKR_EIF2ALPHA_SIGNALING_PATHWAY		7	-0.41400474	-1.0641516	0.37959182	0.57617676	1.0	1298	tags=29%, list=8%, signal=31%	
REACTOME_GLOBAL_GENOME_NUCLEOTIDE_EXCISION_REPAIR_GG_NER	REACTOME_GLOBAL_GENOME_NUCLEOTIDE_EXCISION_REPAIR_GG_NER		80	-0.2741547	-1.0620095	0.5	0.5782648	1.0	2326	tags=35%, list=15%, signal=41%	
SONG_TARGETS_OF_IE86_CMV_PROTEIN	SONG_TARGETS_OF_IE86_CMV_PROTEIN		48	-0.2417394	-1.0619676	0.3846154	0.5765648	1.0	2654	tags=35%, list=17%, signal=43%	
REACTOME_DOPAMINE_NEUROTRANSMITTER_RELEASE_CYCLE	REACTOME_DOPAMINE_NEUROTRANSMITTER_RELEASE_CYCLE		21	-0.27482873	-1.0615369	0.34246576	0.57564276	1.0	620	tags=14%, list=4%, signal=15%	
BALLIF_DEVELOPMENTAL_DISABILITY_P16_P12_DELETION	BALLIF_DEVELOPMENTAL_DISABILITY_P16_P12_DELETION		12	-0.34650657	-1.0560993	0.36486486	0.5842416	1.0	4	tags=8%, list=0%, signal=8%	
REACTOME_SODIUM_COUPLED_SULPHATE_DI_AND_TRI_CARBOXYLATE_TRANSPORTERS	REACTOME_SODIUM_COUPLED_SULPHATE_DI_AND_TRI_CARBOXYLATE_TRANSPORTERS		5	-0.46290705	-1.050946	0.36996338	0.59233683	1.0	4139	tags=80%, list=27%, signal=110%	
KEGG_MEDICUS_REFERENCE_ATR_SIGNALING	KEGG_MEDICUS_REFERENCE_ATR_SIGNALING		11	-0.34564808	-1.0488834	0.37195122	0.59432995	1.0	4607	tags=45%, list=30%, signal=65%	
KEGG_MEDICUS_REFERENCE_RAB7_REGULATED_MICROTUBULE_MINUS_END_DIRECTED_TRANSPORT	KEGG_MEDICUS_REFERENCE_RAB7_REGULATED_MICROTUBULE_MINUS_END_DIRECTED_TRANSPORT		36	-0.23970003	-1.0424073	0.425	0.6049398	1.0	2436	tags=33%, list=16%, signal=40%	
KEGG_MEDICUS_REFERENCE_TELOMERE_ELONGATION	KEGG_MEDICUS_REFERENCE_TELOMERE_ELONGATION		17	-0.31579247	-1.0402309	0.33333334	0.6072489	1.0	2887	tags=35%, list=19%, signal=43%	
REACTOME_RMTS_METHYLATE_HISTONE_ARGININES	REACTOME_RMTS_METHYLATE_HISTONE_ARGININES		58	-0.2186134	-1.0382456	0.33333334	0.6093886	1.0	2228	tags=26%, list=15%, signal=30%	
REACTOME_MITOCHONDRIAL_IRON_SULFUR_CLUSTER_BIOGENESIS	REACTOME_MITOCHONDRIAL_IRON_SULFUR_CLUSTER_BIOGENESIS		13	-0.32237536	-1.0368409	0.34013605	0.6102844	1.0	734	tags=23%, list=5%, signal=24%	
REACTOME_PINK1_PRKN_MEDIATED_MITOPHAGY	REACTOME_PINK1_PRKN_MEDIATED_MITOPHAGY		30	-0.2565059	-1.0363352	0.38181818	0.60949326	1.0	2456	tags=40%, list=16%, signal=48%	
WP_HOMOLOGOUS_RECOMBINATION	WP_HOMOLOGOUS_RECOMBINATION		12	-0.35074383	-1.0351342	0.37974682	0.60984105	1.0	2203	tags=42%, list=14%, signal=49%	
BURTON_ADIPOGENESIS_PEAK_AT_16HR	BURTON_ADIPOGENESIS_PEAK_AT_16HR		34	-0.23626086	-1.0334873	0.3846154	0.61123	1.0	1590	tags=26%, list=10%, signal=29%	
NIKOLSKY_BREAST_CANCER_22Q13_AMPLICON	NIKOLSKY_BREAST_CANCER_22Q13_AMPLICON		17	-0.3012802	-1.0323406	0.4090909	0.61173236	1.0	1012	tags=24%, list=7%, signal=25%	
REACTOME_TRANSLESION_SYNTHESIS_BY_Y_FAMILY_DNA_POLYMERASES_BYPASSES_LESIONS_ON_DNA_TEMPLATE	REACTOME_TRANSLESION_SYNTHESIS_BY_Y_FAMILY_DNA_POLYMERASES_BYPASSES_LESIONS_ON_DNA_TEMPLATE		37	-0.24060822	-1.0305339	0.39130434	0.6133637	1.0	2497	tags=35%, list=16%, signal=42%	
WP_GENES_RELATED_TO_PRIMARY_CILIUM_DEVELOPMENT_BASED_ON_CRISPR	WP_GENES_RELATED_TO_PRIMARY_CILIUM_DEVELOPMENT_BASED_ON_CRISPR		97	-0.20443954	-1.0267382	0.33333334	0.61925656	1.0	3683	tags=45%, list=24%, signal=59%	
BIOCARTA_RHODOPSIN_PATHWAY	BIOCARTA_RHODOPSIN_PATHWAY		5	-0.46610877	-1.0266223	0.41428572	0.6176688	1.0	3449	tags=60%, list=23%, signal=77%	
REACTOME_INHIBITION_OF_DNA_RECOMBINATION_AT_TELOMERE	REACTOME_INHIBITION_OF_DNA_RECOMBINATION_AT_TELOMERE		50	-0.22616942	-1.0262935	0.23529412	0.6164396	1.0	2017	tags=24%, list=13%, signal=28%	
MATZUK_SPERMATID_DIFFERENTIATION	MATZUK_SPERMATID_DIFFERENTIATION		33	-0.24400187	-1.0247821	0.425	0.61773324	1.0	3451	tags=45%, list=23%, signal=59%	
REACTOME_FANCONI_ANEMIA_PATHWAY	REACTOME_FANCONI_ANEMIA_PATHWAY		38	-0.23962283	-1.0232762	0.46875	0.618885	1.0	2465	tags=34%, list=16%, signal=41%	
REACTOME_PHOSPHORYLATION_OF_THE_APC_C	REACTOME_PHOSPHORYLATION_OF_THE_APC_C		20	-0.28689155	-1.0203141	0.40816328	0.6229099	1.0	3321	tags=50%, list=22%, signal=64%	
KEGG_MEDICUS_PATHOGEN_KSHV_VCYCLIN_TO_CELL_CYCLE_G1_S	KEGG_MEDICUS_PATHOGEN_KSHV_VCYCLIN_TO_CELL_CYCLE_G1_S		6	-0.432127	-1.0195765	0.38655463	0.62266505	1.0	1207	tags=33%, list=8%, signal=36%	
REACTOME_HIGHLY_CALCIUM_PERMEABLE_POSTSYNAPTIC_NICOTINIC_ACETYLCHOLINE_RECEPTORS	REACTOME_HIGHLY_CALCIUM_PERMEABLE_POSTSYNAPTIC_NICOTINIC_ACETYLCHOLINE_RECEPTORS		10	-0.3617462	-1.0193554	0.40880504	0.62131226	1.0	251	tags=20%, list=2%, signal=20%	
REACTOME_APC_C_CDH1_MEDIATED_DEGRADATION_OF_CDC20_AND_OTHER_APC_C_CDH1_TARGETED_PROTEINS_IN_LATE_MITOSIS_EARLY_G1	REACTOME_APC_C_CDH1_MEDIATED_DEGRADATION_OF_CDC20_AND_OTHER_APC_C_CDH1_TARGETED_PROTEINS_IN_LATE_MITOSIS_EARLY_G1		74	-0.1991062	-1.0185977	0.33333334	0.6209568	1.0	1975	tags=28%, list=13%, signal=32%	
REACTOME_MISMATCH_REPAIR	REACTOME_MISMATCH_REPAIR		14	-0.30796042	-1.0181861	0.39597315	0.619986	1.0	3245	tags=43%, list=21%, signal=54%	
REACTOME_INHIBITION_OF_THE_PROTEOLYTIC_ACTIVITY_OF_APC_C_REQUIRED_FOR_THE_ONSET_OF_ANAPHASE_BY_MITOTIC_SPINDLE_CHECKPOINT_COMPONENTS	REACTOME_INHIBITION_OF_THE_PROTEOLYTIC_ACTIVITY_OF_APC_C_REQUIRED_FOR_THE_ONSET_OF_ANAPHASE_BY_MITOTIC_SPINDLE_CHECKPOINT_COMPONENTS		20	-0.2883328	-1.0141509	0.42156863	0.6262485	1.0	2852	tags=45%, list=19%, signal=55%	
REACTOME_DNA_DOUBLE_STRAND_BREAK_RESPONSE	REACTOME_DNA_DOUBLE_STRAND_BREAK_RESPONSE		64	-0.16903631	-1.0131902	0.5	0.6262766	1.0	2409	tags=27%, list=16%, signal=31%	
OHASHI_AURKB_TARGETS	OHASHI_AURKB_TARGETS		8	-0.38593003	-1.013156	0.41379312	0.6245648	1.0	1319	tags=38%, list=9%, signal=41%	
KEGG_MEDICUS_PATHOGEN_HIV_VPR_TO_CDC25_CELL_CYCLE_G2M	KEGG_MEDICUS_PATHOGEN_HIV_VPR_TO_CDC25_CELL_CYCLE_G2M		11	-0.33949414	-1.0119387	0.42666668	0.6251849	1.0	3321	tags=45%, list=22%, signal=58%	
WP_TUMOR_SUPPRESSOR_ACTIVITY_OF_SMARCB1	WP_TUMOR_SUPPRESSOR_ACTIVITY_OF_SMARCB1		28	-0.27452824	-1.0090253	0.45614034	0.628955	1.0	2087	tags=29%, list=14%, signal=33%	
REACTOME_G2_M_DNA_DAMAGE_CHECKPOINT	REACTOME_G2_M_DNA_DAMAGE_CHECKPOINT		79	-0.17883748	-0.99963087	0.33333334	0.6462894	1.0	2652	tags=27%, list=17%, signal=32%	
REACTOME_CONDENSATION_OF_PROPHASE_CHROMOSOMES	REACTOME_CONDENSATION_OF_PROPHASE_CHROMOSOMES		51	-0.22422399	-0.9990915	0.5	0.64553136	1.0	3638	tags=41%, list=24%, signal=54%	
MURAKAMI_UV_RESPONSE_1HR_DN	MURAKAMI_UV_RESPONSE_1HR_DN		6	-0.42226017	-0.998834	0.39484978	0.6442032	1.0	64	tags=17%, list=0%, signal=17%	
REACTOME_ELECTRIC_TRANSMISSION_ACROSS_GAP_JUNCTIONS	REACTOME_ELECTRIC_TRANSMISSION_ACROSS_GAP_JUNCTIONS		5	-0.4553358	-0.9970531	0.42320818	0.6460613	1.0	235	tags=20%, list=2%, signal=20%	
REACTOME_APC_C_MEDIATED_DEGRADATION_OF_CELL_CYCLE_PROTEINS	REACTOME_APC_C_MEDIATED_DEGRADATION_OF_CELL_CYCLE_PROTEINS		87	-0.22304034	-0.9961977	0.5	0.6460725	1.0	3321	tags=41%, list=22%, signal=53%	
KEGG_MEDICUS_REFERENCE_26S_PROTEASOME_MEDIATED_PROTEIN_DEGRADATION	KEGG_MEDICUS_REFERENCE_26S_PROTEASOME_MEDIATED_PROTEIN_DEGRADATION		39	-0.23093136	-0.9943394	0.4347826	0.6479122	1.0	1975	tags=28%, list=13%, signal=32%	
REACTOME_PROCESSIVE_SYNTHESIS_ON_THE_C_STRAND_OF_THE_TELOMERE	REACTOME_PROCESSIVE_SYNTHESIS_ON_THE_C_STRAND_OF_THE_TELOMERE		18	-0.2929778	-0.99417144	0.45794392	0.64653325	1.0	2887	tags=33%, list=19%, signal=41%	
REACTOME_TELOMERE_C_STRAND_SYNTHESIS_INITIATION	REACTOME_TELOMERE_C_STRAND_SYNTHESIS_INITIATION		12	-0.3192814	-0.99219567	0.42424244	0.648599	1.0	2887	tags=33%, list=19%, signal=41%	
WP_DNA_IRDAMAGE_AND_CELLULAR_RESPONSE_VIA_ATR	WP_DNA_IRDAMAGE_AND_CELLULAR_RESPONSE_VIA_ATR		78	-0.19159336	-0.99071854	0.6	0.6495933	1.0	3348	tags=36%, list=22%, signal=46%	
REACTOME_SCF_BETA_TRCP_MEDIATED_DEGRADATION_OF_EMI1	REACTOME_SCF_BETA_TRCP_MEDIATED_DEGRADATION_OF_EMI1		55	-0.19960701	-0.9879818	0.47058824	0.65332425	1.0	1975	tags=27%, list=13%, signal=31%	
REACTOME_TRANSPORT_OF_MATURE_MRNAS_DERIVED_FROM_INTRONLESS_TRANSCRIPTS	REACTOME_TRANSPORT_OF_MATURE_MRNAS_DERIVED_FROM_INTRONLESS_TRANSCRIPTS		42	-0.21425286	-0.98693305	0.5217391	0.65367573	1.0	3144	tags=33%, list=21%, signal=42%	
REACTOME_DUAL_INCISION_IN_GG_NER	REACTOME_DUAL_INCISION_IN_GG_NER		38	-0.2201456	-0.98683995	0.516129	0.6520444	1.0	2326	tags=29%, list=15%, signal=34%	
WP_NRXN1_DELETION_SYNDROME	WP_NRXN1_DELETION_SYNDROME		16	-0.29071313	-0.98399717	0.49056605	0.65586966	1.0	3052	tags=38%, list=20%, signal=47%	
REACTOME_CRMPS_IN_SEMA3A_SIGNALING	REACTOME_CRMPS_IN_SEMA3A_SIGNALING		13	-0.30310827	-0.9836554	0.5371901	0.65473235	1.0	2756	tags=46%, list=18%, signal=56%	
NAGY_TFTC_COMPONENTS_HUMAN	NAGY_TFTC_COMPONENTS_HUMAN		15	-0.29745734	-0.98249805	0.41935483	0.65541637	1.0	2910	tags=47%, list=19%, signal=58%	
KEGG_NUCLEOTIDE_EXCISION_REPAIR	KEGG_NUCLEOTIDE_EXCISION_REPAIR		40	-0.21690737	-0.98087287	0.44827586	0.65678144	1.0	2326	tags=33%, list=15%, signal=38%	
WP_NUCLEOTIDE_EXCISION_REPAIR	WP_NUCLEOTIDE_EXCISION_REPAIR		40	-0.21690737	-0.9807729	0.41935483	0.65523416	1.0	2326	tags=33%, list=15%, signal=38%	
REACTOME_THE_ROLE_OF_GTSE1_IN_G2_M_PROGRESSION_AFTER_G2_CHECKPOINT	REACTOME_THE_ROLE_OF_GTSE1_IN_G2_M_PROGRESSION_AFTER_G2_CHECKPOINT		70	-0.2165469	-0.9803865	0.75	0.6542782	1.0	2611	tags=34%, list=17%, signal=41%	
REACTOME_TERMINATION_OF_TRANSLESION_DNA_SYNTHESIS	REACTOME_TERMINATION_OF_TRANSLESION_DNA_SYNTHESIS		30	-0.24269532	-0.97809213	0.45454547	0.65719664	1.0	2497	tags=37%, list=16%, signal=44%	
KEGG_MEDICUS_REFERENCE_PRE_IC_FORMATION	KEGG_MEDICUS_REFERENCE_PRE_IC_FORMATION		26	-0.2611209	-0.97691584	0.42682928	0.65778494	1.0	4766	tags=46%, list=31%, signal=67%	
REACTOME_FORMATION_OF_RNA_POL_II_ELONGATION_COMPLEX	REACTOME_FORMATION_OF_RNA_POL_II_ELONGATION_COMPLEX		54	-0.20454733	-0.97239864	0.6666667	0.6650813	1.0	2242	tags=33%, list=15%, signal=39%	
KORKOLA_CHORIOCARCINOMA_DN	KORKOLA_CHORIOCARCINOMA_DN		10	-0.3317352	-0.9700134	0.46583852	0.6681027	1.0	51	tags=10%, list=0%, signal=10%	
KEGG_MEDICUS_REFERENCE_CORE_NER_REACTION	KEGG_MEDICUS_REFERENCE_CORE_NER_REACTION		25	-0.25094318	-0.96426046	0.53333336	0.67786694	1.0	2497	tags=36%, list=16%, signal=43%	
REACTOME_RESOLUTION_OF_ABASIC_SITES_AP_SITES	REACTOME_RESOLUTION_OF_ABASIC_SITES_AP_SITES		37	-0.21324997	-0.9633041	0.6451613	0.677993	1.0	2326	tags=35%, list=15%, signal=41%	
WP_NEUROTRANSMITTER_DISORDERS	WP_NEUROTRANSMITTER_DISORDERS		8	-0.34916806	-0.962891	0.46907216	0.6769746	1.0	1361	tags=25%, list=9%, signal=27%	
REACTOME_FORMATION_OF_TC_NER_PRE_INCISION_COMPLEX	REACTOME_FORMATION_OF_TC_NER_PRE_INCISION_COMPLEX		48	-0.20514192	-0.96186167	0.6086956	0.6773603	1.0	3370	tags=35%, list=22%, signal=45%	
REACTOME_RHO_GTPASES_ACTIVATE_FORMINS	REACTOME_RHO_GTPASES_ACTIVATE_FORMINS		127	-0.18346879	-0.9615446	0.5	0.6761795	1.0	3107	tags=39%, list=20%, signal=48%	
WP_MIRNA_BIOGENESIS	WP_MIRNA_BIOGENESIS		5	-0.44465542	-0.9613852	0.46753246	0.67471546	1.0	3810	tags=60%, list=25%, signal=80%	
REACTOME_NEUROFASCIN_INTERACTIONS	REACTOME_NEUROFASCIN_INTERACTIONS		6	-0.4049748	-0.95870155	0.45867768	0.67846143	1.0	451	tags=17%, list=3%, signal=17%	
WP_IDO_METABOLIC_PATHWAY	WP_IDO_METABOLIC_PATHWAY		9	-0.33450246	-0.9532333	0.47486034	0.6879492	1.0	5	tags=11%, list=0%, signal=11%	
REACTOME_SYNTHESIS_OF_ACTIVE_UBIQUITIN_ROLES_OF_E1_AND_E2_ENZYMES	REACTOME_SYNTHESIS_OF_ACTIVE_UBIQUITIN_ROLES_OF_E1_AND_E2_ENZYMES		29	-0.24665588	-0.9505082	0.53061223	0.6916818	1.0	3601	tags=45%, list=24%, signal=59%	
WP_MITOCHONDRIAL_COMPLEX_I_ASSEMBLY_MODEL_OXPHOS_SYSTEM	WP_MITOCHONDRIAL_COMPLEX_I_ASSEMBLY_MODEL_OXPHOS_SYSTEM		48	-0.19963649	-0.949886	0.6	0.6911409	1.0	1660	tags=21%, list=11%, signal=23%	
MARKS_ACETYLATED_NON_HISTONE_PROTEINS	MARKS_ACETYLATED_NON_HISTONE_PROTEINS		9	-0.3337269	-0.9458798	0.47674417	0.69727874	1.0	3008	tags=44%, list=20%, signal=55%	
REACTOME_RNA_POLYMERASE_II_PRE_TRANSCRIPTION_EVENTS	REACTOME_RNA_POLYMERASE_II_PRE_TRANSCRIPTION_EVENTS		73	-0.1819509	-0.9429562	0.7777778	0.70160794	1.0	2996	tags=38%, list=20%, signal=47%	
REACTOME_BASE_EXCISION_REPAIR	REACTOME_BASE_EXCISION_REPAIR		72	-0.20007505	-0.9409771	0.71428573	0.7038561	1.0	2326	tags=29%, list=15%, signal=34%	
WP_REGULATION_OF_SISTER_CHROMATID_SEPARATION_AT_THE_METAPHASEANAPHASE_TRANSITION	WP_REGULATION_OF_SISTER_CHROMATID_SEPARATION_AT_THE_METAPHASEANAPHASE_TRANSITION		13	-0.28479454	-0.9407367	0.48591548	0.7025718	1.0	1935	tags=38%, list=13%, signal=44%	
KEGG_MEDICUS_PATHOGEN_EBV_EBNA3C_TO_CELL_CYCLE_G1_S_N00484	KEGG_MEDICUS_PATHOGEN_EBV_EBNA3C_TO_CELL_CYCLE_G1_S_N00484		5	-0.41462183	-0.94017655	0.46594983	0.7018924	1.0	219	tags=20%, list=1%, signal=20%	
REACTOME_MRNA_CAPPING	REACTOME_MRNA_CAPPING		27	-0.24048838	-0.93862706	0.54	0.70319295	1.0	3370	tags=44%, list=22%, signal=57%	
REACTOME_HSF1_ACTIVATION	REACTOME_HSF1_ACTIVATION		25	-0.24696647	-0.9362695	0.50980395	0.7061584	1.0	2574	tags=36%, list=17%, signal=43%	
KEGG_MEDICUS_REFERENCE_CD40_NFKB_SIGNALING_PATHWAY	KEGG_MEDICUS_REFERENCE_CD40_NFKB_SIGNALING_PATHWAY		7	-0.38125417	-0.93583864	0.4789916	0.7052027	1.0	12	tags=14%, list=0%, signal=14%	
KEGG_MEDICUS_VARIANT_MUTATION_INACTIVATED_VCP_TO_26S_PROTEASOME_MEDIATED_PROTEIN_DEGRADATION	KEGG_MEDICUS_VARIANT_MUTATION_INACTIVATED_VCP_TO_26S_PROTEASOME_MEDIATED_PROTEIN_DEGRADATION		40	-0.22180504	-0.9344184	0.6551724	0.70627207	1.0	1975	tags=28%, list=13%, signal=31%	
WP_TRYPTOPHAN_CATABOLISM_LEADING_TO_NAD_PRODUCTION	WP_TRYPTOPHAN_CATABOLISM_LEADING_TO_NAD_PRODUCTION		14	-0.28890795	-0.93347317	0.5106383	0.7063442	1.0	1589	tags=29%, list=10%, signal=32%	
DIERICK_SEROTONIN_FUNCTION_GENES	DIERICK_SEROTONIN_FUNCTION_GENES		6	-0.387721	-0.9331754	0.47122303	0.705148	1.0	1361	tags=50%, list=9%, signal=55%	
BIOCARTA_WNT_LRP6_PATHWAY	BIOCARTA_WNT_LRP6_PATHWAY		6	-0.39631155	-0.9321183	0.50403225	0.7054927	1.0	9238	tags=100%, list=60%, signal=252%	
HEIDENBLAD_AMPLICON_8Q24_UP	HEIDENBLAD_AMPLICON_8Q24_UP		35	-0.21070161	-0.9311048	0.61764705	0.705846	1.0	1896	tags=29%, list=12%, signal=33%	
REACTOME_PROTEIN_HYDROXYLATION	REACTOME_PROTEIN_HYDROXYLATION		19	-0.26491535	-0.9247495	0.6075949	0.7169021	1.0	694	tags=16%, list=5%, signal=17%	
KEGG_MEDICUS_REFERENCE_CONDENSIN_LOADING	KEGG_MEDICUS_REFERENCE_CONDENSIN_LOADING		20	-0.2512162	-0.9221412	0.49333334	0.7203645	1.0	2885	tags=40%, list=19%, signal=49%	
KEGG_MEDICUS_VARIANT_MUTATION_CAUSED_ABERRANT_SOD1_TO_26S_PROTEASOME_MEDIATED_PROTEIN_DEGRADATION	KEGG_MEDICUS_VARIANT_MUTATION_CAUSED_ABERRANT_SOD1_TO_26S_PROTEASOME_MEDIATED_PROTEIN_DEGRADATION		41	-0.2179531	-0.9212821	0.62068963	0.7203055	1.0	1975	tags=27%, list=13%, signal=31%	
REACTOME_CATION_COUPLED_CHLORIDE_COTRANSPORTERS	REACTOME_CATION_COUPLED_CHLORIDE_COTRANSPORTERS		7	-0.36697188	-0.920815	0.47244096	0.7194274	1.0	9687	tags=100%, list=63%, signal=273%	
BIOCARTA_SM_PATHWAY	BIOCARTA_SM_PATHWAY		13	-0.27182004	-0.91887826	0.5496183	0.72160923	1.0	1320	tags=31%, list=9%, signal=34%	
BIOCARTA_LIS1_PATHWAY	BIOCARTA_LIS1_PATHWAY		19	-0.2494949	-0.9172019	0.55789477	0.72325164	1.0	2186	tags=26%, list=14%, signal=31%	
KEGG_MEDICUS_REFERENCE_ELECTRON_TRANSFER_IN_COMPLEX_IV	KEGG_MEDICUS_REFERENCE_ELECTRON_TRANSFER_IN_COMPLEX_IV		8	-0.352496	-0.9155716	0.5304348	0.7247582	1.0	1451	tags=25%, list=9%, signal=28%	
REACTOME_UREA_CYCLE	REACTOME_UREA_CYCLE		9	-0.33363727	-0.91427547	0.53807104	0.72569454	1.0	658	tags=22%, list=4%, signal=23%	
DACOSTA_LOW_DOSE_UV_RESPONSE_VIA_ERCC3_XPCS_DN	DACOSTA_LOW_DOSE_UV_RESPONSE_VIA_ERCC3_XPCS_DN		6	-0.39504993	-0.9124982	0.5179283	0.7274224	1.0	469	tags=33%, list=3%, signal=34%	
REACTOME_COMPLEX_I_BIOGENESIS	REACTOME_COMPLEX_I_BIOGENESIS		60	-0.18697907	-0.9124109	0.9285714	0.72582704	1.0	12449	tags=100%, list=81%, signal=535%	
REACTOME_SIGNALING_BY_MAPK_MUTANTS	REACTOME_SIGNALING_BY_MAPK_MUTANTS		6	-0.39018485	-0.9088798	0.52554744	0.7311555	1.0	49	tags=17%, list=0%, signal=17%	
CHUANG_OXIDATIVE_STRESS_RESPONSE_DN	CHUANG_OXIDATIVE_STRESS_RESPONSE_DN		8	-0.351699	-0.9088297	0.52272725	0.7294666	1.0	1640	tags=50%, list=11%, signal=56%	
WP_HIJACK_OF_UBIQUITINATION_BY_SARSCOV2	WP_HIJACK_OF_UBIQUITINATION_BY_SARSCOV2		8	-0.3539146	-0.9084214	0.5399061	0.7285138	1.0	9887	tags=100%, list=65%, signal=283%	
REACTOME_RESOLUTION_OF_D_LOOP_STRUCTURES	REACTOME_RESOLUTION_OF_D_LOOP_STRUCTURES		33	-0.21262398	-0.9040627	0.6486486	0.735495	1.0	2861	tags=30%, list=19%, signal=37%	
KEGG_MEDICUS_PATHOGEN_HIV_VPR_TO_WEE1_CELL_CYCLE_G2M	KEGG_MEDICUS_PATHOGEN_HIV_VPR_TO_WEE1_CELL_CYCLE_G2M		5	-0.40342817	-0.9029784	0.5326087	0.7358691	1.0	3321	tags=60%, list=22%, signal=77%	
BIOCARTA_RNAPOL3_PATHWAY	BIOCARTA_RNAPOL3_PATHWAY		7	-0.36483598	-0.9020692	0.5069767	0.7359512	1.0	1470	tags=29%, list=10%, signal=32%	
TERAMOTO_OPN_TARGETS_CLUSTER_4	TERAMOTO_OPN_TARGETS_CLUSTER_4		11	-0.297775	-0.90031224	0.54140127	0.7378	1.0	1916	tags=36%, list=13%, signal=42%	
WP_FAMILIAL_HYPERLIPIDEMIA_TYPE_1	WP_FAMILIAL_HYPERLIPIDEMIA_TYPE_1		14	-0.27056205	-0.8998935	0.536	0.7368861	1.0	11163	tags=100%, list=73%, signal=370%	
REACTOME_ASSEMBLY_OF_THE_ORC_COMPLEX_AT_THE_ORIGIN_OF_REPLICATION	REACTOME_ASSEMBLY_OF_THE_ORC_COMPLEX_AT_THE_ORIGIN_OF_REPLICATION		46	-0.20750575	-0.89955515	0.71428573	0.7357568	1.0	3875	tags=41%, list=25%, signal=55%	
CAFFAREL_RESPONSE_TO_THC_8HR_5_DN	CAFFAREL_RESPONSE_TO_THC_8HR_5_DN		9	-0.3271909	-0.89873016	0.5604396	0.735622	1.0	2809	tags=33%, list=18%, signal=41%	
WP_METABOLISM_OF_ALPHALINOLENIC_ACID	WP_METABOLISM_OF_ALPHALINOLENIC_ACID		5	-0.40646124	-0.8980329	0.53505534	0.73523176	1.0	2021	tags=60%, list=13%, signal=69%	
WP_ALTERNATIVE_PATHWAY_OF_FETAL_ANDROGEN_SYNTHESIS	WP_ALTERNATIVE_PATHWAY_OF_FETAL_ANDROGEN_SYNTHESIS		8	-0.34287918	-0.89761287	0.5144231	0.73430985	1.0	2807	tags=38%, list=18%, signal=46%	
PEART_HDAC_PROLIFERATION_CLUSTER_DN	PEART_HDAC_PROLIFERATION_CLUSTER_DN		66	-0.21630292	-0.89635134	0.6	0.7351385	1.0	2459	tags=32%, list=16%, signal=38%	
KEGG_MEDICUS_VARIANT_MUTATION_INACTIVATED_UBQLN2_TO_26S_PROTEASOME_MEDIATED_PROTEIN_DEGRADATION	KEGG_MEDICUS_VARIANT_MUTATION_INACTIVATED_UBQLN2_TO_26S_PROTEASOME_MEDIATED_PROTEIN_DEGRADATION		40	-0.20616731	-0.89474905	0.73333335	0.7365607	1.0	1975	tags=28%, list=13%, signal=31%	
LU_TUMOR_VASCULATURE_DN	LU_TUMOR_VASCULATURE_DN		9	-0.32273677	-0.8930765	0.56435645	0.7381084	1.0	10364	tags=100%, list=68%, signal=310%	
GLINSKY_CANCER_DEATH_UP	GLINSKY_CANCER_DEATH_UP		7	-0.35344195	-0.8919851	0.57539684	0.7385331	1.0	3840	tags=71%, list=25%, signal=95%	
BIOCARTA_DC_PATHWAY	BIOCARTA_DC_PATHWAY		11	-0.30057076	-0.8895077	0.5949367	0.74173665	1.0	781	tags=18%, list=5%, signal=19%	
WP_NIPBL_ROLE_IN_DNA_DAMAGE_CORNELIA_DE_LANGE_SYNDROME	WP_NIPBL_ROLE_IN_DNA_DAMAGE_CORNELIA_DE_LANGE_SYNDROME		8	-0.33832335	-0.88917285	0.549763	0.74066263	1.0	4339	tags=63%, list=28%, signal=87%	
KEGG_MEDICUS_VARIANT_MUTATION_INACTIVATED_PINK1_TO_ELECTRON_TRANSFER_IN_COMPLEX_I	KEGG_MEDICUS_VARIANT_MUTATION_INACTIVATED_PINK1_TO_ELECTRON_TRANSFER_IN_COMPLEX_I		37	-0.21730767	-0.8884176	0.61290324	0.7403655	1.0	2395	tags=27%, list=16%, signal=32%	
REACTOME_WNT_MEDIATED_ACTIVATION_OF_DVL	REACTOME_WNT_MEDIATED_ACTIVATION_OF_DVL		8	-0.33196655	-0.8870451	0.579646	0.7413171	1.0	746	tags=25%, list=5%, signal=26%	
KEGG_MEDICUS_REFERENCE_DYNEIN_RECRUITMENT_TO_THE_KINETOCHORE	KEGG_MEDICUS_REFERENCE_DYNEIN_RECRUITMENT_TO_THE_KINETOCHORE		30	-0.21344867	-0.8865925	0.6304348	0.7404846	1.0	2303	tags=27%, list=15%, signal=31%	
LI_DCP2_BOUND_MRNA	LI_DCP2_BOUND_MRNA		84	-0.19796109	-0.88533765	1.0	0.74136573	1.0	2109	tags=29%, list=14%, signal=33%	
REACTOME_COMMON_PATHWAY_OF_FIBRIN_CLOT_FORMATION	REACTOME_COMMON_PATHWAY_OF_FIBRIN_CLOT_FORMATION		15	-0.26195595	-0.8845422	0.5864662	0.7411993	1.0	276	tags=13%, list=2%, signal=14%	
REACTOME_REGULATION_OF_ENDOGENOUS_RETROELEMENTS	REACTOME_REGULATION_OF_ENDOGENOUS_RETROELEMENTS		94	-0.16467974	-0.88422096	1.0	0.74014217	1.0	2105	tags=22%, list=14%, signal=26%	
REACTOME_TP53_REGULATES_TRANSCRIPTION_OF_DNA_REPAIR_GENES	REACTOME_TP53_REGULATES_TRANSCRIPTION_OF_DNA_REPAIR_GENES		57	-0.18949431	-0.88375634	0.6923077	0.73929405	1.0	2242	tags=28%, list=15%, signal=33%	
REACTOME_FATTY_ACIDS	REACTOME_FATTY_ACIDS		6	-0.3654468	-0.8834838	0.6092437	0.73809636	1.0	672	tags=33%, list=4%, signal=35%	
REACTOME_DNA_REPLICATION_INITIATION	REACTOME_DNA_REPLICATION_INITIATION		7	-0.3375748	-0.88323283	0.5495495	0.736859	1.0	933	tags=29%, list=6%, signal=30%	
MIKKELSEN_ES_HCP_WITH_H3K27ME3	MIKKELSEN_ES_HCP_WITH_H3K27ME3		25	-0.23169428	-0.8816944	0.7307692	0.73809385	1.0	1416	tags=24%, list=9%, signal=26%	
KEGG_MEDICUS_VARIANT_AMPLIFIED_REL_TO_TRANSCRIPTION	KEGG_MEDICUS_VARIANT_AMPLIFIED_REL_TO_TRANSCRIPTION		7	-0.35385942	-0.8812165	0.5422222	0.7373026	1.0	1017	tags=29%, list=7%, signal=31%	
REACTOME_2_LTR_CIRCLE_FORMATION	REACTOME_2_LTR_CIRCLE_FORMATION		7	-0.35577855	-0.8808187	0.53125	0.7363962	1.0	62	tags=14%, list=0%, signal=14%	
YAO_TEMPORAL_RESPONSE_TO_PROGESTERONE_CLUSTER_4	YAO_TEMPORAL_RESPONSE_TO_PROGESTERONE_CLUSTER_4		12	-0.2798377	-0.88080144	0.6168831	0.73474985	1.0	4517	tags=67%, list=30%, signal=95%	
BIOCARTA_FBW7_PATHWAY	BIOCARTA_FBW7_PATHWAY		9	-0.31998953	-0.8789567	0.5868263	0.7366642	1.0	10406	tags=100%, list=68%, signal=313%	
REACTOME_DNA_METHYLATION	REACTOME_DNA_METHYLATION		42	-0.18703155	-0.8783475	0.75	0.7360946	1.0	3638	tags=36%, list=24%, signal=47%	
REACTOME_SIRT1_NEGATIVELY_REGULATES_RRNA_EXPRESSION	REACTOME_SIRT1_NEGATIVELY_REGULATES_RRNA_EXPRESSION		45	-0.19941789	-0.87688637	0.65217394	0.73738015	1.0	3638	tags=38%, list=24%, signal=49%	
KEGG_MEDICUS_VARIANT_MUTATION_CAUSED_ABERRANT_SNCA_TO_26S_PROTEASOME_MEDIATED_PROTEIN_DEGRADATION	KEGG_MEDICUS_VARIANT_MUTATION_CAUSED_ABERRANT_SNCA_TO_26S_PROTEASOME_MEDIATED_PROTEIN_DEGRADATION		36	-0.20641254	-0.87260103	0.7631579	0.7441054	1.0	1975	tags=25%, list=13%, signal=29%	
REACTOME_HORMONE_LIGAND_BINDING_RECEPTORS	REACTOME_HORMONE_LIGAND_BINDING_RECEPTORS		6	-0.37597278	-0.8716052	0.5787402	0.74435997	1.0	9549	tags=100%, list=62%, signal=266%	
RICKMAN_TUMOR_DIFFERENTIATED_MODERATELY_VS_POORLY_DN	RICKMAN_TUMOR_DIFFERENTIATED_MODERATELY_VS_POORLY_DN		15	-0.25779504	-0.87009877	0.6403509	0.7455333	1.0	949	tags=20%, list=6%, signal=21%	
HOLLEMAN_PREDNISOLONE_RESISTANCE_ALL_UP	HOLLEMAN_PREDNISOLONE_RESISTANCE_ALL_UP		19	-0.23539169	-0.86784637	0.6081081	0.7481781	1.0	1383	tags=21%, list=9%, signal=23%	
WP_FAMILIAL_HYPERLIPIDEMIA_TYPE_5	WP_FAMILIAL_HYPERLIPIDEMIA_TYPE_5		13	-0.27054435	-0.8649522	0.6041667	0.7519914	1.0	11163	tags=100%, list=73%, signal=370%	
ABRAMSON_INTERACT_WITH_AIRE	ABRAMSON_INTERACT_WITH_AIRE		44	-0.20443724	-0.86300546	0.625	0.75407267	1.0	1464	tags=18%, list=10%, signal=20%	
WP_IRONSULFUR_CLUSTER_BIOGENESIS	WP_IRONSULFUR_CLUSTER_BIOGENESIS		15	-0.25693503	-0.86187804	0.6944444	0.75444365	1.0	388	tags=13%, list=3%, signal=14%	
ZHOU_CELL_CYCLE_GENES_IN_IR_RESPONSE_2HR	ZHOU_CELL_CYCLE_GENES_IN_IR_RESPONSE_2HR		7	-0.35046846	-0.86053556	0.56	0.7551415	1.0	3624	tags=57%, list=24%, signal=75%	
KEGG_MEDICUS_VARIANT_MUTATION_CAUSED_ABERRANT_HTT_TO_26S_PROTEASOME_MEDIATED_PROTEIN_DEGRADATION	KEGG_MEDICUS_VARIANT_MUTATION_CAUSED_ABERRANT_HTT_TO_26S_PROTEASOME_MEDIATED_PROTEIN_DEGRADATION		36	-0.2044471	-0.85751736	0.8076923	0.7591201	1.0	1975	tags=25%, list=13%, signal=29%	
DAVIES_MULTIPLE_MYELOMA_VS_MGUS_UP	DAVIES_MULTIPLE_MYELOMA_VS_MGUS_UP		12	-0.28877985	-0.857401	0.625	0.75766313	1.0	10884	tags=100%, list=71%, signal=346%	
TERAMOTO_OPN_TARGETS_CLUSTER_8	TERAMOTO_OPN_TARGETS_CLUSTER_8		6	-0.35886857	-0.85675395	0.608365	0.7572197	1.0	968	tags=33%, list=6%, signal=36%	
KEGG_AUTOIMMUNE_THYROID_DISEASE	KEGG_AUTOIMMUNE_THYROID_DISEASE		12	-0.27050015	-0.85102034	0.6107383	0.7662798	1.0	12	tags=8%, list=0%, signal=8%	
KEGG_MEDICUS_VARIANT_MUTATION_INACTIVATED_OPTN_TO_PINK_PARKIN_MEDIATED_AUTOPHAGOSOME_FORMATION	KEGG_MEDICUS_VARIANT_MUTATION_INACTIVATED_OPTN_TO_PINK_PARKIN_MEDIATED_AUTOPHAGOSOME_FORMATION		9	-0.31243157	-0.8505304	0.6010929	0.7655708	1.0	2581	tags=44%, list=17%, signal=53%	
REACTOME_SUMOYLATION_OF_DNA_REPLICATION_PROTEINS	REACTOME_SUMOYLATION_OF_DNA_REPLICATION_PROTEINS		45	-0.18651523	-0.8489044	0.8636364	0.7668646	1.0	1614	tags=24%, list=11%, signal=27%	
REACTOME_SWITCHING_OF_ORIGINS_TO_A_POST_REPLICATIVE_STATE	REACTOME_SWITCHING_OF_ORIGINS_TO_A_POST_REPLICATIVE_STATE		91	-0.17093518	-0.8475505	1.0	0.7677729	1.0	3301	tags=34%, list=22%, signal=43%	
KEGG_MEDICUS_REFERENCE_ELECTRON_TRANSFER_IN_COMPLEX_I	KEGG_MEDICUS_REFERENCE_ELECTRON_TRANSFER_IN_COMPLEX_I		36	-0.19654779	-0.84723896	0.7647059	0.7666615	1.0	2395	tags=25%, list=16%, signal=30%	
YUAN_ZNF143_PARTNERS	YUAN_ZNF143_PARTNERS		22	-0.23203044	-0.8451701	0.76119405	0.76884115	1.0	1837	tags=27%, list=12%, signal=31%	
YANAGISAWA_LUNG_CANCER_RECURRENCE	YANAGISAWA_LUNG_CANCER_RECURRENCE		5	-0.37197536	-0.8445716	0.60071945	0.7683377	1.0	932	tags=40%, list=6%, signal=43%	
REACTOME_REGULATION_OF_ENDOGENOUS_RETROELEMENTS_BY_PIWI_INTERACTING_RNAS_PIRNAS	REACTOME_REGULATION_OF_ENDOGENOUS_RETROELEMENTS_BY_PIWI_INTERACTING_RNAS_PIRNAS		73	-0.18255588	-0.8424684	0.8333333	0.7706814	1.0	2020	tags=22%, list=13%, signal=25%	
WP_NAD_METABOLISM	WP_NAD_METABOLISM		16	-0.2547011	-0.8379365	0.71304345	0.7773872	1.0	3593	tags=44%, list=23%, signal=57%	
BIOCARTA_RAN_PATHWAY	BIOCARTA_RAN_PATHWAY		5	-0.3869152	-0.8364422	0.6710963	0.77859133	1.0	4994	tags=80%, list=33%, signal=119%	
MIKKELSEN_PLURIPOTENT_STATE_UP	MIKKELSEN_PLURIPOTENT_STATE_UP		9	-0.30517405	-0.8345582	0.6502732	0.78044873	1.0	4745	tags=67%, list=31%, signal=97%	
REACTOME_ABERRANT_REGULATION_OF_MITOTIC_EXIT_IN_CANCER_DUE_TO_RB1_DEFECTS	REACTOME_ABERRANT_REGULATION_OF_MITOTIC_EXIT_IN_CANCER_DUE_TO_RB1_DEFECTS		20	-0.23429048	-0.83101803	0.76744187	0.7851582	1.0	2852	tags=40%, list=19%, signal=49%	
CASTELLANO_NRAS_TARGETS_DN	CASTELLANO_NRAS_TARGETS_DN		12	-0.2560248	-0.8292238	0.6394558	0.7867801	1.0	53	tags=8%, list=0%, signal=8%	
BIOCARTA_SKP2E2F_PATHWAY	BIOCARTA_SKP2E2F_PATHWAY		10	-0.28344345	-0.824423	0.6737968	0.79400283	1.0	10965	tags=100%, list=72%, signal=353%	
KEGG_MEDICUS_REFERENCE_LECTIN_PATHWAY_OF_COAGULATION_CASCADE_PROTHROMBIN_TO_THROMBIN	KEGG_MEDICUS_REFERENCE_LECTIN_PATHWAY_OF_COAGULATION_CASCADE_PROTHROMBIN_TO_THROMBIN		5	-0.36594298	-0.82105327	0.62333333	0.7981416	1.0	9702	tags=100%, list=63%, signal=273%	
CHESLER_BRAIN_D6MIT150_QTL_TRANS	CHESLER_BRAIN_D6MIT150_QTL_TRANS		8	-0.31055006	-0.8210076	0.68844223	0.79652137	1.0	10550	tags=100%, list=69%, signal=322%	
KEGG_MEDICUS_VARIANT_MUTATION_CAUSED_ABERRANT_SNCA_TO_ELECTRON_TRANSFER_IN_COMPLEX_I	KEGG_MEDICUS_VARIANT_MUTATION_CAUSED_ABERRANT_SNCA_TO_ELECTRON_TRANSFER_IN_COMPLEX_I		37	-0.19638519	-0.8156381	0.7837838	0.80450106	1.0	2395	tags=24%, list=16%, signal=29%	
REACTOME_LECTIN_PATHWAY_OF_COMPLEMENT_ACTIVATION	REACTOME_LECTIN_PATHWAY_OF_COMPLEMENT_ACTIVATION		5	-0.36594298	-0.81419265	0.64788735	0.80542076	1.0	9702	tags=100%, list=63%, signal=273%	
REACTOME_RUNX1_REGULATES_EXPRESSION_OF_COMPONENTS_OF_TIGHT_JUNCTIONS	REACTOME_RUNX1_REGULATES_EXPRESSION_OF_COMPONENTS_OF_TIGHT_JUNCTIONS		5	-0.37376106	-0.81337464	0.6267123	0.80513436	1.0	22	tags=20%, list=0%, signal=20%	
WANG_THOC1_TARGETS_DN	WANG_THOC1_TARGETS_DN		17	-0.23542964	-0.8127522	0.7314815	0.80458367	1.0	800	tags=18%, list=5%, signal=19%	
KEGG_MEDICUS_VARIANT_SCRAPIE_CONFORMATION_PRPSC_TO_26S_PROTEASOME_MEDIATED_PROTEIN_DEGRADATION	KEGG_MEDICUS_VARIANT_SCRAPIE_CONFORMATION_PRPSC_TO_26S_PROTEASOME_MEDIATED_PROTEIN_DEGRADATION		36	-0.18152405	-0.8118095	0.89285713	0.80456793	1.0	1975	tags=25%, list=13%, signal=29%	
POS_RESPONSE_TO_HISTAMINE_DN	POS_RESPONSE_TO_HISTAMINE_DN		11	-0.26254374	-0.80988604	0.6820809	0.8064166	1.0	1060	tags=18%, list=7%, signal=20%	
REACTOME_SCAVENGING_BY_CLASS_F_RECEPTORS	REACTOME_SCAVENGING_BY_CLASS_F_RECEPTORS		6	-0.34451637	-0.80949223	0.6159696	0.8053974	1.0	10030	tags=100%, list=66%, signal=290%	
KEGG_ALLOGRAFT_REJECTION	KEGG_ALLOGRAFT_REJECTION		9	-0.292563	-0.8091653	0.6881188	0.8042403	1.0	12	tags=11%, list=0%, signal=11%	
KEGG_MEDICUS_VARIANT_MUTATION_CAUSED_ABERRANT_SOD1_TO_RETROGRADE_AXONAL_TRANSPORT	KEGG_MEDICUS_VARIANT_MUTATION_CAUSED_ABERRANT_SOD1_TO_RETROGRADE_AXONAL_TRANSPORT		27	-0.20701697	-0.80813724	0.80701756	0.8044788	1.0	1686	tags=22%, list=11%, signal=25%	
REACTOME_INTEGRATION_OF_PROVIRUS	REACTOME_INTEGRATION_OF_PROVIRUS		9	-0.2966537	-0.8069272	0.6717949	0.80498767	1.0	3233	tags=44%, list=21%, signal=56%	
KEGG_MEDICUS_REFERENCE_DISASSEMBLY_OF_MCC	KEGG_MEDICUS_REFERENCE_DISASSEMBLY_OF_MCC		16	-0.23620379	-0.805615	0.7818182	0.8055638	1.0	3117	tags=44%, list=20%, signal=55%	
KEGG_MEDICUS_VARIANT_MUTATION_INACTIVATED_P62_TO_PINK_PARKIN_MEDIATED_AUTOPHAGOSOME_FORMATION	KEGG_MEDICUS_VARIANT_MUTATION_INACTIVATED_P62_TO_PINK_PARKIN_MEDIATED_AUTOPHAGOSOME_FORMATION		12	-0.264158	-0.8039503	0.7194245	0.8067637	1.0	4761	tags=58%, list=31%, signal=85%	
REACTOME_RNA_POLYMERASE_I_PROMOTER_ESCAPE	REACTOME_RNA_POLYMERASE_I_PROMOTER_ESCAPE		65	-0.18605931	-0.8023338	1.0	0.8079045	1.0	2242	tags=26%, list=15%, signal=31%	
REACTOME_ATF4_ACTIVATES_GENES_IN_RESPONSE_TO_ENDOPLASMIC_RETICULUM_STRESS	REACTOME_ATF4_ACTIVATES_GENES_IN_RESPONSE_TO_ENDOPLASMIC_RETICULUM_STRESS		24	-0.20170946	-0.80051684	0.7671233	0.8094577	1.0	1445	tags=21%, list=9%, signal=23%	
REACTOME_MITOCHONDRIAL_UNCOUPLING	REACTOME_MITOCHONDRIAL_UNCOUPLING		7	-0.3286331	-0.7971684	0.67622954	0.8135674	1.0	4357	tags=43%, list=28%, signal=60%	
KEGG_MEDICUS_VARIANT_MUTATION_CAUSED_ABERRANT_TDP43_TO_ELECTRON_TRANSFER_IN_COMPLEX_I	KEGG_MEDICUS_VARIANT_MUTATION_CAUSED_ABERRANT_TDP43_TO_ELECTRON_TRANSFER_IN_COMPLEX_I		37	-0.19020267	-0.7955163	0.8125	0.8146185	1.0	2395	tags=24%, list=16%, signal=29%	
KORKOLA_EMBRYONAL_CARCINOMA_DN	KORKOLA_EMBRYONAL_CARCINOMA_DN		11	-0.26982605	-0.7947943	0.7548387	0.81417114	1.0	51	tags=9%, list=0%, signal=9%	
KORKOLA_SEMINOMA_DN	KORKOLA_SEMINOMA_DN		10	-0.28016523	-0.79441774	0.73142856	0.8130953	1.0	51	tags=10%, list=0%, signal=10%	
REACTOME_SPERM_MOTILITY_AND_TAXES	REACTOME_SPERM_MOTILITY_AND_TAXES		9	-0.2858082	-0.793635	0.7074468	0.81273043	1.0	5092	tags=89%, list=33%, signal=133%	
MIKKELSEN_ES_HCP_WITH_H3_UNMETHYLATED	MIKKELSEN_ES_HCP_WITH_H3_UNMETHYLATED		39	-0.17662707	-0.79336894	0.84	0.8114851	1.0	2250	tags=23%, list=15%, signal=27%	
MIKKELSEN_ES_LCP_WITH_H3K27ME3	MIKKELSEN_ES_LCP_WITH_H3K27ME3		8	-0.29170343	-0.792446	0.7121951	0.81140393	1.0	1879	tags=38%, list=12%, signal=43%	
KEGG_MEDICUS_REFERENCE_P27_CELL_CYCLE_G1_S	KEGG_MEDICUS_REFERENCE_P27_CELL_CYCLE_G1_S		14	-0.2464298	-0.79219675	0.7241379	0.8101868	1.0	3121	tags=36%, list=20%, signal=45%	
REACTOME_DISEASES_OF_DNA_REPAIR	REACTOME_DISEASES_OF_DNA_REPAIR		50	-0.16730787	-0.7920955	0.9166667	0.8087194	1.0	2830	tags=30%, list=19%, signal=37%	
STEGMEIER_PREMITOTIC_CELL_CYCLE_REGULATORS	STEGMEIER_PREMITOTIC_CELL_CYCLE_REGULATORS		11	-0.25349993	-0.7906779	0.74375	0.80948776	1.0	11423	tags=100%, list=75%, signal=395%	
WP_FATTY_ACID_TRANSPORTERS	WP_FATTY_ACID_TRANSPORTERS		12	-0.25006974	-0.78758115	0.7162162	0.81297195	1.0	957	tags=17%, list=6%, signal=18%	
PID_ERB_GENOMIC_PATHWAY	PID_ERB_GENOMIC_PATHWAY		13	-0.2525969	-0.7852093	0.7153846	0.81528455	1.0	2200	tags=46%, list=14%, signal=54%	
REACTOME_MRNA_DECAY_BY_5_TO_3_EXORIBONUCLEASE	REACTOME_MRNA_DECAY_BY_5_TO_3_EXORIBONUCLEASE		15	-0.23969376	-0.7852024	0.7948718	0.81364435	1.0	11635	tags=100%, list=76%, signal=417%	
YAMASHITA_LIVER_CANCER_WITH_EPCAM_DN	YAMASHITA_LIVER_CANCER_WITH_EPCAM_DN		8	-0.28498727	-0.7826142	0.768559	0.8164293	1.0	3342	tags=50%, list=22%, signal=64%	
REACTOME_RNA_POLYMERASE_III_CHAIN_ELONGATION	REACTOME_RNA_POLYMERASE_III_CHAIN_ELONGATION		18	-0.2102241	-0.7809402	0.7647059	0.8174841	1.0	2582	tags=28%, list=17%, signal=33%	
BIOCARTA_EXTRINSIC_PATHWAY	BIOCARTA_EXTRINSIC_PATHWAY		9	-0.28246683	-0.780174	0.7258065	0.8171227	1.0	2328	tags=33%, list=15%, signal=39%	
ONGUSAHA_BRCA1_TARGETS_DN	ONGUSAHA_BRCA1_TARGETS_DN		10	-0.2791522	-0.77942294	0.7456647	0.8167052	1.0	53	tags=10%, list=0%, signal=10%	
KALMA_E2F1_TARGETS	KALMA_E2F1_TARGETS		11	-0.26298183	-0.77762425	0.73099416	0.81801444	1.0	777	tags=18%, list=5%, signal=19%	
KEGG_MEDICUS_REFERENCE_NUCLEAR_EXPORT_OF_MRNA	KEGG_MEDICUS_REFERENCE_NUCLEAR_EXPORT_OF_MRNA		29	-0.18815106	-0.77599376	0.8666667	0.81917644	1.0	1614	tags=21%, list=11%, signal=23%	
RAMJAUN_APOPTOSIS_BY_TGFB1_VIA_MAPK1_DN	RAMJAUN_APOPTOSIS_BY_TGFB1_VIA_MAPK1_DN		8	-0.29167217	-0.77332413	0.74752474	0.8219465	1.0	2382	tags=38%, list=16%, signal=44%	
KOBAYASHI_EGFR_SIGNALING_6HR_UP	KOBAYASHI_EGFR_SIGNALING_6HR_UP		6	-0.3318608	-0.7683413	0.71755725	0.82824457	1.0	1463	tags=33%, list=10%, signal=37%	
REACTOME_NEGATIVE_EPIGENETIC_REGULATION_OF_RRNA_EXPRESSION	REACTOME_NEGATIVE_EPIGENETIC_REGULATION_OF_RRNA_EXPRESSION		83	-0.15250441	-0.7673583	1.0	0.8281598	1.0	2822	tags=27%, list=18%, signal=32%	
REACTOME_VIRAL_MESSENGER_RNA_SYNTHESIS	REACTOME_VIRAL_MESSENGER_RNA_SYNTHESIS		43	-0.16661298	-0.7651514	0.8181818	0.8299684	1.0	1807	tags=21%, list=12%, signal=24%	
REACTOME_UNWINDING_OF_DNA	REACTOME_UNWINDING_OF_DNA		11	-0.2593059	-0.7628078	0.7531645	0.83197296	1.0	191	tags=9%, list=1%, signal=9%	
REACTOME_PROTEIN_UBIQUITINATION	REACTOME_PROTEIN_UBIQUITINATION		74	-0.1767245	-0.76229864	1.0	0.83115625	1.0	2330	tags=26%, list=15%, signal=30%	
REACTOME_TELOMERE_EXTENSION_BY_TELOMERASE	REACTOME_TELOMERE_EXTENSION_BY_TELOMERASE		21	-0.19935578	-0.75934124	0.8333333	0.83416986	1.0	3121	tags=38%, list=20%, signal=48%	
KEGG_MEDICUS_REFERENCE_PINK_PARKIN_MEDIATED_AUTOPHAGOSOME_FORMATION	KEGG_MEDICUS_REFERENCE_PINK_PARKIN_MEDIATED_AUTOPHAGOSOME_FORMATION		16	-0.21719782	-0.7561057	0.8787879	0.837355	1.0	11979	tags=100%, list=78%, signal=461%	
REACTOME_ORC1_REMOVAL_FROM_CHROMATIN	REACTOME_ORC1_REMOVAL_FROM_CHROMATIN		70	-0.15213038	-0.75414103	1.0	0.83869153	1.0	2066	tags=21%, list=14%, signal=25%	
WP_ATR_SIGNALING	WP_ATR_SIGNALING		11	-0.26547167	-0.7507107	0.73913044	0.84217256	1.0	11240	tags=100%, list=73%, signal=377%	
KEGG_MEDICUS_REFERENCE_DOUBLE_STRAND_BREAK_SIGNALING	KEGG_MEDICUS_REFERENCE_DOUBLE_STRAND_BREAK_SIGNALING		13	-0.23472823	-0.7465382	0.7785235	0.8467869	1.0	4339	tags=62%, list=28%, signal=86%	
KEGG_MEDICUS_REFERENCE_WEE1_CELL_CYCLE_G2_M	KEGG_MEDICUS_REFERENCE_WEE1_CELL_CYCLE_G2_M		7	-0.29308873	-0.7450974	0.7906977	0.8471637	1.0	3321	tags=43%, list=22%, signal=55%	
WP_CLASSICAL_PATHWAY_OF_STEROIDOGENESIS_WITH_GLUCOCORTICOID_AND_MINERALOCORTICOID_METABOLISM	WP_CLASSICAL_PATHWAY_OF_STEROIDOGENESIS_WITH_GLUCOCORTICOID_AND_MINERALOCORTICOID_METABOLISM		13	-0.22576821	-0.7444217	0.8333333	0.8464796	1.0	2807	tags=31%, list=18%, signal=38%	
REACTOME_FORMATION_OF_THE_POSTERIOR_NEURAL_PLATE	REACTOME_FORMATION_OF_THE_POSTERIOR_NEURAL_PLATE		6	-0.3124714	-0.7440493	0.7708333	0.84537816	1.0	10520	tags=100%, list=69%, signal=320%	
REACTOME_REGULATION_OF_ENDOGENOUS_RETROELEMENTS_BY_THE_HUMAN_SILENCING_HUB_HUSH_COMPLEX	REACTOME_REGULATION_OF_ENDOGENOUS_RETROELEMENTS_BY_THE_HUMAN_SILENCING_HUB_HUSH_COMPLEX		48	-0.15858762	-0.74002653	1.0	0.849703	1.0	3638	tags=38%, list=24%, signal=49%	
FUJIWARA_PARK2_HEPATOCYTE_PROLIFERATION_UP	FUJIWARA_PARK2_HEPATOCYTE_PROLIFERATION_UP		5	-0.34469005	-0.73551285	0.7364621	0.8545285	1.0	10027	tags=100%, list=66%, signal=290%	
REACTOME_FORMATION_OF_THE_ANTERIOR_NEURAL_PLATE	REACTOME_FORMATION_OF_THE_ANTERIOR_NEURAL_PLATE		6	-0.3124714	-0.7343562	0.7346154	0.8545779	1.0	10520	tags=100%, list=69%, signal=320%	
CURSONS_NATURAL_KILLER_CELLS	CURSONS_NATURAL_KILLER_CELLS		7	-0.29332897	-0.7326753	0.7991803	0.85533196	1.0	10813	tags=100%, list=71%, signal=341%	
WP_NSP1_FROM_SARSCOV2_INHIBITS_TRANSLATION_INITIATION_IN_THE_HOST_CELL	WP_NSP1_FROM_SARSCOV2_INHIBITS_TRANSLATION_INITIATION_IN_THE_HOST_CELL		13	-0.23457488	-0.73030776	0.82051283	0.85701	1.0	2249	tags=23%, list=15%, signal=27%	
CONRAD_GERMLINE_STEM_CELL	CONRAD_GERMLINE_STEM_CELL		8	-0.27496892	-0.7292471	0.8118812	0.85682744	1.0	11094	tags=100%, list=73%, signal=364%	
WP_EXRNA_MECHANISM_OF_ACTION_AND_BIOGENESIS	WP_EXRNA_MECHANISM_OF_ACTION_AND_BIOGENESIS		5	-0.32474497	-0.7241263	0.7697368	0.8623086	1.0	10332	tags=100%, list=68%, signal=308%	
BIOCARTA_ERBB4_PATHWAY	BIOCARTA_ERBB4_PATHWAY		7	-0.28443426	-0.7239122	0.8240741	0.86095625	1.0	10949	tags=100%, list=72%, signal=352%	
REACTOME_PREDNISONE_ADME	REACTOME_PREDNISONE_ADME		5	-0.32701206	-0.7233525	0.8105263	0.86007327	1.0	602	tags=20%, list=4%, signal=21%	
ZHOU_PANCREATIC_BETA_CELL	ZHOU_PANCREATIC_BETA_CELL		9	-0.2598764	-0.7168995	0.83157897	0.8672245	1.0	4179	tags=67%, list=27%, signal=92%	
REACTOME_MECP2_REGULATES_TRANSCRIPTION_FACTORS	REACTOME_MECP2_REGULATES_TRANSCRIPTION_FACTORS		5	-0.3307612	-0.7163036	0.79422385	0.8663791	1.0	10240	tags=100%, list=67%, signal=302%	
REACTOME_E2F_MEDIATED_REGULATION_OF_DNA_REPLICATION	REACTOME_E2F_MEDIATED_REGULATION_OF_DNA_REPLICATION		21	-0.19507724	-0.71502876	0.8863636	0.8664088	1.0	12318	tags=100%, list=81%, signal=513%	
MIKKELSEN_ES_LCP_WITH_H3K4ME3_AND_H3K27ME3	MIKKELSEN_ES_LCP_WITH_H3K4ME3_AND_H3K27ME3		7	-0.2735765	-0.7138422	0.84	0.86627245	1.0	1720	tags=43%, list=11%, signal=48%	
WP_FAMILIAL_HYPERLIPIDEMIA_TYPE_2	WP_FAMILIAL_HYPERLIPIDEMIA_TYPE_2		13	-0.22428684	-0.7110479	0.8125	0.86833733	1.0	11870	tags=100%, list=78%, signal=446%	
NIKOLSKY_BREAST_CANCER_21Q22_AMPLICON	NIKOLSKY_BREAST_CANCER_21Q22_AMPLICON		14	-0.21415952	-0.70535296	0.85294116	0.87382126	1.0	12025	tags=100%, list=79%, signal=467%	
REACTOME_RNA_POLYMERASE_II_TRANSCRIBES_SNRNA_GENES	REACTOME_RNA_POLYMERASE_II_TRANSCRIBES_SNRNA_GENES		72	-0.15758854	-0.7051458	1.0	0.87247443	1.0	2585	tags=25%, list=17%, signal=30%	
REACTOME_GLI_PROTEINS_BIND_PROMOTERS_OF_HH_RESPONSIVE_GENES_TO_PROMOTE_TRANSCRIPTION	REACTOME_GLI_PROTEINS_BIND_PROMOTERS_OF_HH_RESPONSIVE_GENES_TO_PROMOTE_TRANSCRIPTION		6	-0.2922715	-0.704151	0.8333333	0.8720919	1.0	275	tags=17%, list=2%, signal=17%	
SMID_BREAST_CANCER_RELAPSE_IN_LIVER_DN	SMID_BREAST_CANCER_RELAPSE_IN_LIVER_DN		10	-0.2429132	-0.70284843	0.88957053	0.8720363	1.0	2913	tags=40%, list=19%, signal=49%	
PASTURAL_RIZ1_TARGETS_UP	PASTURAL_RIZ1_TARGETS_UP		7	-0.26690844	-0.7008676	0.88018435	0.87289405	1.0	1239	tags=29%, list=8%, signal=31%	
HO_LIVER_CANCER_VASCULAR_INVASION	HO_LIVER_CANCER_VASCULAR_INVASION		10	-0.25452998	-0.69888955	0.84574467	0.8736433	1.0	11407	tags=100%, list=75%, signal=393%	
REACTOME_ORGANIC_ANION_TRANSPORTERS	REACTOME_ORGANIC_ANION_TRANSPORTERS		10	-0.24876295	-0.6959324	0.87027025	0.8756682	1.0	2354	tags=30%, list=15%, signal=35%	
NIKOLSKY_BREAST_CANCER_20P13_AMPLICON	NIKOLSKY_BREAST_CANCER_20P13_AMPLICON		6	-0.29086694	-0.69464034	0.8531746	0.8755991	1.0	1776	tags=33%, list=12%, signal=38%	
PID_DNA_PK_PATHWAY	PID_DNA_PK_PATHWAY		15	-0.19475067	-0.6818041	0.9396552	0.8890712	1.0	746	tags=13%, list=5%, signal=14%	
MATZUK_MATERNAL_EFFECT	MATZUK_MATERNAL_EFFECT		7	-0.27243397	-0.67902213	0.8059072	0.8905615	1.0	222	tags=14%, list=1%, signal=14%	
REACTOME_NONHOMOLOGOUS_END_JOINING_NHEJ	REACTOME_NONHOMOLOGOUS_END_JOINING_NHEJ		54	-0.13685332	-0.6767004	1.0	0.8913906	1.0	1069	tags=11%, list=7%, signal=12%	
REACTOME_Z_DECAY_DEGRADATION_OF_MATERNAL_MRNAS_BY_ZYGOTICALLY_EXPRESSED_FACTORS	REACTOME_Z_DECAY_DEGRADATION_OF_MATERNAL_MRNAS_BY_ZYGOTICALLY_EXPRESSED_FACTORS		12	-0.21762493	-0.6730853	0.8816568	0.89370704	1.0	2005	tags=25%, list=13%, signal=29%	
WP_NITRIC_OXIDE_METABOLISM_IN_CYSTIC_FIBROSIS	WP_NITRIC_OXIDE_METABOLISM_IN_CYSTIC_FIBROSIS		13	-0.21074326	-0.6723208	0.9	0.8928704	1.0	12077	tags=100%, list=79%, signal=475%	
REACTOME_AMPK_INHIBITS_CHREBP_TRANSCRIPTIONAL_ACTIVATION_ACTIVITY	REACTOME_AMPK_INHIBITS_CHREBP_TRANSCRIPTIONAL_ACTIVATION_ACTIVITY		7	-0.2584042	-0.66098803	0.90836656	0.90285	1.0	11347	tags=100%, list=74%, signal=387%	
REACTOME_SENSING_OF_DNA_DOUBLE_STRAND_BREAKS	REACTOME_SENSING_OF_DNA_DOUBLE_STRAND_BREAKS		6	-0.27055442	-0.66062623	0.90076333	0.90154886	1.0	3289	tags=50%, list=22%, signal=64%	
REACTOME_RESOLUTION_OF_D_LOOP_STRUCTURES_THROUGH_SYNTHESIS_DEPENDENT_STRAND_ANNEALING_SDSA	REACTOME_RESOLUTION_OF_D_LOOP_STRUCTURES_THROUGH_SYNTHESIS_DEPENDENT_STRAND_ANNEALING_SDSA		25	-0.1741178	-0.6577862	0.9605263	0.90269053	1.0	5860	tags=68%, list=38%, signal=110%	
REACTOME_WAX_AND_PLASMALOGEN_BIOSYNTHESIS	REACTOME_WAX_AND_PLASMALOGEN_BIOSYNTHESIS		5	-0.2936176	-0.6518094	0.9033333	0.90676874	1.0	10808	tags=100%, list=71%, signal=341%	
REACTOME_SCAVENGING_OF_HEME_FROM_PLASMA	REACTOME_SCAVENGING_OF_HEME_FROM_PLASMA		5	-0.29508728	-0.64643204	0.9020979	0.91011506	1.0	804	tags=20%, list=5%, signal=21%	
MIKKELSEN_IPS_LCP_WITH_H3K4ME3_AND_H3K27ME3	MIKKELSEN_IPS_LCP_WITH_H3K4ME3_AND_H3K27ME3		5	-0.29380208	-0.64297056	0.909396	0.9115197	1.0	1720	tags=40%, list=11%, signal=45%	
WP_RIBOFLAVIN_AND_COQ_DISORDERS	WP_RIBOFLAVIN_AND_COQ_DISORDERS		13	-0.19785397	-0.64283895	0.9315069	0.90998	1.0	12274	tags=100%, list=80%, signal=506%	
HOLLEMAN_DAUNORUBICIN_ALL_UP	HOLLEMAN_DAUNORUBICIN_ALL_UP		6	-0.27002057	-0.6349404	0.9124424	0.9149781	1.0	336	tags=17%, list=2%, signal=17%	
KEGG_MEDICUS_REFERENCE_COHESIN_ACETYLATION	KEGG_MEDICUS_REFERENCE_COHESIN_ACETYLATION		5	-0.29446772	-0.62989986	0.9034483	0.9173631	1.0	10795	tags=100%, list=71%, signal=340%	
REACTOME_GABA_SYNTHESIS_RELEASE_REUPTAKE_AND_DEGRADATION	REACTOME_GABA_SYNTHESIS_RELEASE_REUPTAKE_AND_DEGRADATION		17	-0.18542999	-0.623946	0.9	0.9203276	1.0	3179	tags=29%, list=21%, signal=37%	
REACTOME_PEXOPHAGY	REACTOME_PEXOPHAGY		11	-0.2151642	-0.6190746	0.95679015	0.92237216	1.0	12009	tags=100%, list=79%, signal=465%	
REICHERT_G1S_REGULATORS_AS_PI3K_TARGETS	REICHERT_G1S_REGULATORS_AS_PI3K_TARGETS		8	-0.23905942	-0.6187424	0.92	0.9209279	1.0	3121	tags=50%, list=20%, signal=63%	
REACTOME_REGULATION_OF_CDH11_GENE_TRANSCRIPTION	REACTOME_REGULATION_OF_CDH11_GENE_TRANSCRIPTION		8	-0.2325201	-0.6147805	0.98237884	0.92198133	1.0	11743	tags=100%, list=77%, signal=430%	
REACTOME_SYNTHESIS_OF_GDP_MANNOSE	REACTOME_SYNTHESIS_OF_GDP_MANNOSE		6	-0.24995095	-0.59380955	0.94623655	0.93338144	1.0	11476	tags=100%, list=75%, signal=400%	
NIKOLSKY_BREAST_CANCER_7P22_AMPLICON	NIKOLSKY_BREAST_CANCER_7P22_AMPLICON		32	-0.14128901	-0.58952063	0.9777778	0.93403834	1.0	2177	tags=19%, list=14%, signal=22%	
REACTOME_SYNTHESIS_OF_PYROPHOSPHATES_IN_THE_CYTOSOL	REACTOME_SYNTHESIS_OF_PYROPHOSPHATES_IN_THE_CYTOSOL		9	-0.21520147	-0.5819526	0.96482414	0.9362493	1.0	12008	tags=100%, list=78%, signal=465%	
REACTOME_REGULATION_OF_SIGNALING_BY_NODAL	REACTOME_REGULATION_OF_SIGNALING_BY_NODAL		7	-0.23296271	-0.5781276	0.9683258	0.93638575	1.0	11736	tags=100%, list=77%, signal=429%	
KIM_MYCL1_AMPLIFICATION_TARGETS_UP	KIM_MYCL1_AMPLIFICATION_TARGETS_UP		14	-0.17745207	-0.5719006	0.9935065	0.937466	1.0	12586	tags=100%, list=82%, signal=564%	
KEGG_MEDICUS_VARIANT_AMPLIFIED_MYCN_TO_TRANSCRIPTIONAL_REPRESSION	KEGG_MEDICUS_VARIANT_AMPLIFIED_MYCN_TO_TRANSCRIPTIONAL_REPRESSION		6	-0.23312025	-0.5511486	0.972	0.94358075	1.0	671	tags=17%, list=4%, signal=17%	
BIOCARTA_NPC_PATHWAY	BIOCARTA_NPC_PATHWAY		11	-0.18435168	-0.5460869	0.98876405	0.9434895	1.0	12480	tags=100%, list=82%, signal=543%	
REACTOME_FBXW7_MUTANTS_AND_NOTCH1_IN_CANCER	REACTOME_FBXW7_MUTANTS_AND_NOTCH1_IN_CANCER		5	-0.25496992	-0.5443241	0.9738562	0.94227725	1.0	11399	tags=100%, list=75%, signal=392%	
REACTOME_MITOCHONDRIAL_RNA_DEGRADATION	REACTOME_MITOCHONDRIAL_RNA_DEGRADATION		10	-0.18285267	-0.5408791	1.0	0.94148904	1.0	1605	tags=20%, list=10%, signal=22%	
REACTOME_TRANSPORT_OF_THE_SLBP_DEPENDANT_MATURE_MRNA	REACTOME_TRANSPORT_OF_THE_SLBP_DEPENDANT_MATURE_MRNA		35	-0.12683871	-0.5381221	1.0	0.9405324	1.0	1614	tags=17%, list=11%, signal=19%	
