NAME	SYMBOL	RANK IN GENE LIST	RANK METRIC SCORE	RUNNING ES	CORE ENRICHMENT	
row_0	ARHGAP31	93	4.135572910308838	0.009318488	No	
row_1	PARD6G	212	3.2587289810180664	0.0136440005	No	
row_2	TLR6	306	2.9024391174316406	0.018312901	No	
row_3	TEDC1	328	2.848442554473877	0.027636176	No	
row_4	ADAMTS5	347	2.7982871532440186	0.036972754	No	
row_5	SFN	378	2.7069640159606934	0.04515533	No	
row_6	ANXA3	393	2.685607671737671	0.054336935	No	
row_7	ID3	416	2.618910312652588	0.06272727	No	
row_8	ANOS1	462	2.5245041847229004	0.06920981	No	
row_9	NIBAN1	473	2.5106093883514404	0.078001454	No	
row_10	PKP3	498	2.4605395793914795	0.085659705	No	
row_11	LMO7	531	2.367009401321411	0.092425525	No	
row_12	POGLUT3	702	2.1239705085754395	0.088963844	No	
row_13	SCG5	763	2.0580146312713623	0.09267537	No	
row_14	H2BC21	764	2.055978298187256	0.10042754	No	
row_15	MID1	769	2.0473997592926025	0.10787746	No	
row_16	COTL1	786	2.032841682434082	0.11446284	No	
row_17	FAM111B	845	1.968690276145935	0.11797251	No	
row_18	IDS	848	1.9670228958129883	0.12525432	No	
row_19	MBOAT1	902	1.9188597202301025	0.12891346	No	
row_20	SLC44A2	956	1.874449372291565	0.13240515	No	
row_21	FMNL3	988	1.8517866134643555	0.13729577	No	
row_22	DHFR	995	1.8473601341247559	0.1438565	No	
row_23	CDC25B	1058	1.7990425825119019	0.14645661	No	
row_24	FGFR1	1110	1.7602885961532593	0.14965281	No	
row_25	USP11	1278	1.645758032798767	0.14459041	No	
row_26	P2RX7	1355	1.6081784963607788	0.14552626	No	
row_27	THSD1	1380	1.5945032835006714	0.1499191	No	
row_28	SCRN1	1456	1.5582507848739624	0.15073416	No	
row_29	OGFRL1	1596	1.4974255561828613	0.14700168	No	
row_30	CYTH4	1803	1.405958890914917	0.13840373	No	
row_31	UBASH3B	1868	1.3839528560638428	0.13930379	No	
row_32	GINS3	1927	1.365386962890625	0.14053868	No	
row_33	NTN4	1976	1.3423429727554321	0.14236139	No	
row_34	ACKR3	1995	1.3339381217956543	0.14617658	No	
row_35	PML	2007	1.3261160850524902	0.15043457	No	
row_36	NIPAL3	2102	1.2872099876403809	0.14894569	No	
row_37	FAM111A	2124	1.2789009809494019	0.15235095	No	
row_38	MICAL3	2155	1.268668532371521	0.15511036	No	
row_39	NES	2157	1.268247127532959	0.15982488	No	
row_40	SKA1	2176	1.2618907690048218	0.1633684	No	
row_41	KRT80	2356	1.2038809061050415	0.15583023	No	
row_42	FANCC	2369	1.2001254558563232	0.15954569	No	
row_43	YWHAH	2621	1.124043583869934	0.14684853	No	
row_44	MYCL	2712	1.0991441011428833	0.14492044	No	
row_45	TMEM237	2725	1.09413480758667	0.14823626	No	
row_46	MDFIC	2739	1.0899713039398193	0.1514689	No	
row_47	CALHM3	2779	1.0773663520812988	0.15289977	No	
row_48	TUBA1C	2927	1.0321099758148193	0.14687303	No	
row_49	LRRC45	3014	1.0052165985107422	0.14486067	No	
row_50	CDCP1	3140	0.9751887321472168	0.14010368	No	
row_51	SP140	3172	0.9677456617355347	0.14166099	No	
row_52	HNRNPDL	3190	0.9633836150169373	0.14414644	No	
row_53	PRMT2	3221	0.9573038220405579	0.14573185	No	
row_54	PPP1R18	3247	0.9495438933372498	0.14762536	No	
row_55	HBEGF	3302	0.9337529540061951	0.14750263	No	
row_56	PPM1F	3403	0.9114120602607727	0.14419197	No	
row_57	NDE1	3415	0.9078245162963867	0.14687277	No	
row_58	CASQ1	3439	0.9022871255874634	0.14872304	No	
row_59	MZT1	3495	0.8859332203865051	0.14835253	No	
row_60	PPP3R1	3660	0.8501704931259155	0.14049277	No	
row_61	GPR63	3696	0.840663731098175	0.141301	No	
row_62	IL17RD	3704	0.8385419249534607	0.14399047	No	
row_63	NF2	3789	0.8220764398574829	0.14142251	No	
row_64	MPHOSPH6	3874	0.8043739199638367	0.1387878	No	
row_65	BCAS4	4026	0.7670948505401611	0.13149193	No	
row_66	PSRC1	4039	0.7629815340042114	0.13355912	No	
row_67	TYMS	4131	0.7422651648521423	0.13021794	No	
row_68	PHLDB1	4141	0.7402588725090027	0.13240187	No	
row_69	GABPB1	4197	0.727606475353241	0.1314344	No	
row_70	LCOR	4279	0.7083323001861572	0.12863997	No	
row_71	ETV5	4304	0.704905092716217	0.12967852	No	
row_72	PAK6	4331	0.6968881487846375	0.1305519	No	
row_73	RGS9	4338	0.6955155730247498	0.13276955	No	
row_74	PRIM1	4478	0.6652151942253113	0.12589918	No	
row_75	UGCG	4489	0.6637871265411377	0.12772731	No	
row_76	GNG12	4543	0.651386022567749	0.12660739	No	
row_77	AIDA	4595	0.6363962888717651	0.12556589	No	
row_78	NUP62CL	4661	0.6218549013137817	0.12352495	No	
row_79	RRM1	4752	0.6037880778312683	0.119729094	No	
row_80	ZEB2	4778	0.5988116264343262	0.120300144	No	
row_81	STYK1	4868	0.5812680721282959	0.11648685	No	
row_82	DTYMK	4872	0.5799881815910339	0.1184713	No	
row_83	TFDP1	4892	0.575706958770752	0.11936007	No	
row_84	TRIM55	4953	0.56162428855896	0.11742939	No	
row_85	FIG4	5002	0.5466195344924927	0.1162518	No	
row_86	LOXL3	5055	0.5342952609062195	0.11475784	No	
row_87	NEMP1	5177	0.5071141719818115	0.10850585	No	
row_88	CCN3	5216	0.49900302290916443	0.10782344	No	
row_89	WDR1	5272	0.48632586002349854	0.1059462	No	
row_90	CORO1C	5295	0.48205775022506714	0.10627944	No	
row_91	ARNT2	5319	0.47982922196388245	0.106536806	No	
row_92	SCARA3	5549	0.42991718649864197	0.09270678	No	
row_93	FSCN1	5665	0.4093233644962311	0.08649089	No	
row_94	PHF19	5779	0.3859991133213043	0.080322005	No	
row_95	HLX	5821	0.3780612051486969	0.07898115	No	
row_96	NRGN	5885	0.3651164770126343	0.076107115	No	
row_97	PPP4R4	5898	0.36104074120521545	0.07665878	No	
row_98	CCNG2	5900	0.360192209482193	0.07794943	No	
row_99	CHEK2	5905	0.35814425349235535	0.07902994	No	
row_100	MTHFD1L	5920	0.3554639220237732	0.079425626	No	
row_101	LRRC3	5964	0.34432289004325867	0.07782262	No	
row_102	H2BC7	5984	0.3406085669994354	0.077824935	No	
row_103	ORC1	5993	0.33887097239494324	0.07856289	No	
row_104	PDE1C	6054	0.3249295651912689	0.07573974	No	
row_105	THAP10	6121	0.31144091486930847	0.072460905	No	
row_106	DDX11	6142	0.30682095885276794	0.07226835	No	
row_107	TMPO	6325	0.2707097828388214	0.061009202	No	
row_108	DONSON	6389	0.259596049785614	0.057737295	No	
row_109	BRCA2	6396	0.25696051120758057	0.058301345	No	
row_110	SLC7A5	6448	0.24638189375400543	0.055789277	No	
row_111	CDKL1	6481	0.24044561386108398	0.05453679	No	
row_112	BCL2L12	6510	0.23583441972732544	0.053536803	No	
row_113	HAND2	6536	0.23160424828529358	0.05272328	No	
row_114	MSH2	6553	0.2284548282623291	0.05250513	No	
row_115	GPRIN1	6575	0.22434890270233154	0.05193414	No	
row_116	LYPD6	6595	0.22054840624332428	0.05148376	No	
row_117	PDLIM3	6614	0.2179037630558014	0.051090885	No	
row_118	SUV39H1	6673	0.2082514762878418	0.047962744	No	
row_119	CEP97	6713	0.20376423001289368	0.046099644	No	
row_120	KLHL7	6721	0.20275336503982544	0.04639183	No	
row_121	STXBP5	6819	0.18838907778263092	0.040557392	No	
row_122	PAMR1	6920	0.17091737687587738	0.034454662	No	
row_123	ADAMTS8	6961	0.16409553587436676	0.03237452	No	
row_124	SLAMF7	6973	0.16107574105262756	0.03223967	No	
row_125	AK5	6983	0.1586030274629593	0.032230444	No	
row_126	LFNG	7125	0.1324438452720642	0.023216303	No	
row_127	DNAJC9	7132	0.13171935081481934	0.023308126	No	
row_128	WDR76	7157	0.12822268903255463	0.02217227	No	
row_129	BNC2	7208	0.1206180527806282	0.019253476	No	
row_130	POLE2	7354	0.09991447627544403	0.009846792	No	
row_131	PXDN	7381	0.09662321209907532	0.008456847	No	
row_132	HPSE	7382	0.09660198539495468	0.008821089	No	
row_133	LSM4	7491	0.08078703284263611	0.0018387423	No	
row_134	PLAT	7494	0.08061235398054123	0.0020077513	No	
row_135	TMEM40	7515	0.07760774344205856	9.509382E-4	No	
row_136	FANCB	7546	0.07406985014677048	-7.93933E-4	No	
row_137	CDC42EP3	7560	0.07225066423416138	-0.0013986423	No	
row_138	WDHD1	7583	0.06889431923627853	-0.0026232535	No	
row_139	GAD1	7592	0.06675854325294495	-0.0029113118	No	
row_140	VEGFC	7657	0.05881734937429428	-0.007007736	No	
row_141	MYO3A	7661	0.0582391694188118	-0.0069905575	No	
row_142	KREMEN2	7711	0.052114639431238174	-0.010100177	No	
row_143	RBL1	7741	0.04855034500360489	-0.011873798	No	
row_144	SPTB	7817	0.03789683058857918	-0.016791293	No	
row_145	FHDC1	7829	0.03600553795695305	-0.017397724	No	
row_146	CDC7	7844	0.03361235186457634	-0.018215593	No	
row_147	ADAM12	7893	0.02815137431025505	-0.021348095	No	
row_148	WEE1	7901	0.027379680424928665	-0.021717161	No	
row_149	CHEK1	7909	0.02650390937924385	-0.02208953	No	
row_150	ANLN	7939	0.022122325375676155	-0.0239628	No	
row_151	GEM	7988	0.01637294702231884	-0.027139712	No	
row_152	PRIM2	8035	0.011210791766643524	-0.030201146	No	
row_153	MTCL1	8043	0.00934834685176611	-0.030638201	No	
row_154	TLE3	8071	0.00666394829750061	-0.032434814	No	
row_155	TEDC2	8076	0.006206595338881016	-0.032681298	No	
row_156	VIM	8148	-0.002285074209794402	-0.03746318	No	
row_157	RAD54L	8264	-0.015118268318474293	-0.04516544	No	
row_158	LAMA1	8328	-0.0206650011241436	-0.049338248	No	
row_159	PHTF2	8387	-0.027296118438243866	-0.05314869	No	
row_160	PLD5	8394	-0.028614217415452003	-0.05344563	No	
row_161	GINS2	8404	-0.029825257137417793	-0.05394042	No	
row_162	FBXO5	8421	-0.03217354789376259	-0.054898657	No	
row_163	MTBP	8458	-0.036784663796424866	-0.057188943	No	
row_164	REEP1	8473	-0.039123326539993286	-0.057986036	No	
row_165	NKAIN1	8507	-0.04321620985865593	-0.060049657	No	
row_166	LMNB1	8523	-0.04461197555065155	-0.06089352	No	
row_167	TCF19	8530	-0.04535569250583649	-0.06112734	No	
row_168	DEPDC1B	8573	-0.04896307364106178	-0.06377654	No	
row_169	GDF15	8578	-0.04931230843067169	-0.06386049	No	
row_170	APCDD1L	8595	-0.05064653232693672	-0.06474908	No	
row_171	MCM2	8596	-0.0508427619934082	-0.064557366	No	
row_172	ARHGEF2	8679	-0.06064743548631668	-0.06986138	No	
row_173	PRR11	8699	-0.06261458247900009	-0.07090726	No	
row_174	CDCA4	8709	-0.06362731009721756	-0.07127459	No	
row_175	TIPIN	8748	-0.06734862923622131	-0.07358459	No	
row_176	SACS	8762	-0.06876978278160095	-0.07420242	No	
row_177	CCDC77	8837	-0.07853052020072937	-0.07889923	No	
row_178	ZYG11A	8991	-0.09565730392932892	-0.08886174	No	
row_179	MICALL1	9005	-0.09781014174222946	-0.08937008	No	
row_180	E2F1	9099	-0.10722418874502182	-0.09524066	No	
row_181	NUP155	9105	-0.10806872695684433	-0.09517054	No	
row_182	DNMT3B	9124	-0.10973483324050903	-0.09597128	No	
row_183	DMBX1	9135	-0.1107085794210434	-0.09622856	No	
row_184	PCNA	9204	-0.11739768087863922	-0.100374	No	
row_185	H2AC16	9218	-0.11878179758787155	-0.100803256	No	
row_186	TAF1A	9227	-0.11939185857772827	-0.10089286	No	
row_187	TAF5L	9257	-0.12211301177740097	-0.10238911	No	
row_188	OXR1	9331	-0.1288243979215622	-0.106828816	No	
row_189	SLC19A1	9334	-0.1293332576751709	-0.1064761	No	
row_190	FANCA	9335	-0.12942101061344147	-0.105988115	No	
row_191	CCNE2	9381	-0.13361462950706482	-0.108520545	No	
row_192	NUP93	9401	-0.1354309469461441	-0.10929186	No	
row_193	CUZD1	9404	-0.13576336205005646	-0.108914904	No	
row_194	NCAPG2	9435	-0.13820019364356995	-0.11041797	No	
row_195	CCP110	9454	-0.1402503401041031	-0.11110364	No	
row_196	ADORA2B	9480	-0.14225946366786957	-0.11225404	No	
row_197	DIO2	9490	-0.14336881041526794	-0.112320706	No	
row_198	LIN9	9555	-0.14911197125911713	-0.11607667	No	
row_199	KNTC1	9571	-0.15094727277755737	-0.11651959	No	
row_200	CDCA7	9576	-0.1516428291797638	-0.11621771	No	
row_201	POLQ	9602	-0.1534881889820099	-0.11732577	No	
row_202	MCM8	9661	-0.1588687002658844	-0.120640114	No	
row_203	SGO1	9663	-0.1591298133134842	-0.120107576	No	
row_204	BLM	9670	-0.16001202166080475	-0.11990908	No	
row_205	NCAPD3	9753	-0.1666635423898697	-0.124813356	No	
row_206	NT5E	9786	-0.16881857812404633	-0.12633592	No	
row_207	ARHGEF39	9806	-0.1702926605939865	-0.12697579	No	
row_208	HERC5	9833	-0.17248301208019257	-0.1280797	No	
row_209	HOXC9	9843	-0.1732177436351776	-0.12803382	No	
row_210	ILDR2	9856	-0.17396201193332672	-0.12818755	No	
row_211	SH3GL3	9922	-0.17884761095046997	-0.13189887	No	
row_212	RAD54B	9975	-0.18290260434150696	-0.13471776	No	
row_213	SPDL1	9983	-0.18357492983341217	-0.13449788	No	
row_214	DIAPH3	9989	-0.1841484159231186	-0.1341409	No	
row_215	DNA2	10005	-0.1851266622543335	-0.13445495	No	
row_216	TOP2A	10076	-0.1910627782344818	-0.13845757	No	
row_217	ELOVL2	10130	-0.19496025145053864	-0.14129847	No	
row_218	HMMR	10148	-0.19598270952701569	-0.14170653	No	
row_219	CDC45	10167	-0.19756962358951569	-0.14217608	No	
row_220	CREB5	10177	-0.1980103701353073	-0.1420367	No	
row_221	CIT	10297	-0.20640861988067627	-0.14928758	No	
row_222	PHACTR1	10325	-0.20919141173362732	-0.15032056	No	
row_223	ESCO2	10332	-0.20988263189792633	-0.14993402	No	
row_224	PBK	10366	-0.2123512178659439	-0.15135992	No	
row_225	CCSAP	10374	-0.21288567781448364	-0.15102951	No	
row_226	MIS18BP1	10380	-0.21324725449085236	-0.15056282	No	
row_227	SEM1	10441	-0.21798206865787506	-0.15378922	No	
row_228	G2E3	10458	-0.2186630815267563	-0.15404429	No	
row_229	RRM2	10466	-0.21943211555480957	-0.1536892	No	
row_230	CCDC15	10491	-0.2210918515920639	-0.1544749	No	
row_231	PCMT1	10495	-0.22147583961486816	-0.15384223	No	
row_232	LRRIQ1	10530	-0.22363929450511932	-0.15529303	No	
row_233	GINS1	10532	-0.2237795740365982	-0.15451673	No	
row_234	FANCM	10545	-0.2246827930212021	-0.15447922	No	
row_235	ATAD2	10554	-0.22539304196834564	-0.15416913	No	
row_236	PLK4	10601	-0.22877174615859985	-0.15641025	No	
row_237	BARD1	10621	-0.2299063354730606	-0.15682533	No	
row_238	TDP1	10622	-0.2299789935350418	-0.15595819	No	
row_239	HK1	10741	-0.23832133412361145	-0.16302127	No	
row_240	H3C7	10789	-0.24198953807353973	-0.16528	No	
row_241	NRXN3	10793	-0.24262703955173492	-0.16456759	No	
row_242	CCDC169	10825	-0.2454867660999298	-0.16573359	No	
row_243	USB1	10865	-0.2480982393026352	-0.16742952	No	
row_244	DDIAS	10869	-0.24878665804862976	-0.16669388	No	
row_245	STPG1	10871	-0.24880743026733398	-0.16582322	No	
row_246	KIF18A	10878	-0.2490539252758026	-0.16528897	No	
row_247	SMC4	10886	-0.24968847632408142	-0.16481982	No	
row_248	SUV39H2	10904	-0.2508767545223236	-0.1650209	No	
row_249	KIF15	10949	-0.25410449504852295	-0.16703154	No	
row_250	MCUB	10974	-0.25630614161491394	-0.16768445	No	
row_251	NUP107	10978	-0.256671279668808	-0.16691908	No	
row_252	KIF2C	11039	-0.2603898346424103	-0.16998558	No	
row_253	RANGAP1	11057	-0.2614101469516754	-0.17014694	No	
row_254	BUB1B	11074	-0.2629077136516571	-0.17023519	No	
row_255	H2BW2	11105	-0.26620858907699585	-0.17125559	No	
row_256	FANCI	11170	-0.27178022265434265	-0.17454903	No	
row_257	PARPBP	11187	-0.2727649211883545	-0.1746001	No	
row_258	TEX30	11196	-0.27337437868118286	-0.1741091	No	
row_259	PLEKHG4	11201	-0.27379846572875977	-0.17334662	No	
row_260	RAD51B	11223	-0.2747878432273865	-0.17372742	No	
row_261	TK1	11227	-0.2753504812717438	-0.17289162	No	
row_262	GPSM2	11251	-0.2775358557701111	-0.17339702	No	
row_263	ADGRB2	11258	-0.2778880298137665	-0.17275405	No	
row_264	GAREM2	11264	-0.27824413776397705	-0.17204228	No	
row_265	NCAPG	11276	-0.2793451249599457	-0.17173119	No	
row_266	PACC1	11278	-0.27942806482315063	-0.17074506	No	
row_267	EFR3B	11279	-0.2794744074344635	-0.1696913	No	
row_268	LAYN	11290	-0.280409574508667	-0.1693087	No	
row_269	TMEM74	11299	-0.2807849943637848	-0.16878977	No	
row_270	RIBC2	11315	-0.28167790174484253	-0.16873977	No	
row_271	MEX3B	11328	-0.28297463059425354	-0.16848247	No	
row_272	PGM2L1	11357	-0.2855869233608246	-0.16929486	No	
row_273	CEP78	11386	-0.28757426142692566	-0.17009975	No	
row_274	CENPE	11467	-0.2948545515537262	-0.17438574	No	
row_275	TRABD2A	11480	-0.2956221401691437	-0.17408074	No	
row_276	HAUS6	11562	-0.3026489019393921	-0.17840481	No	
row_277	SPC25	11589	-0.3047841191291809	-0.17900988	No	
row_278	MYB	11596	-0.30526652932167053	-0.1782637	No	
row_279	SEPTIN3	11599	-0.3053683042526245	-0.17724723	No	
row_280	BRCA1	11623	-0.3080597221851349	-0.17763752	No	
row_281	CEP76	11639	-0.3091282844543457	-0.17748402	No	
row_282	H3C10	11660	-0.31065791845321655	-0.1776621	No	
row_283	SGO2	11662	-0.3108423054218292	-0.17655753	No	
row_284	CDKN3	11665	-0.31106001138687134	-0.17551962	No	
row_285	DDAH1	11669	-0.31147170066833496	-0.17454761	No	
row_286	LRR1	11672	-0.3117027282714844	-0.17350726	No	
row_287	CENPA	11674	-0.31177157163619995	-0.17239918	No	
row_288	MND1	11699	-0.3142349421977997	-0.17283367	No	
row_289	BUB1	11741	-0.31773415207862854	-0.17440198	No	
row_290	KIF14	11805	-0.3230268359184265	-0.17743473	No	
row_291	PCLAF	11808	-0.32313305139541626	-0.17635128	No	
row_292	DAW1	11839	-0.3254154920578003	-0.17714843	No	
row_293	CATSPER1	11840	-0.3256082236766815	-0.17592072	No	
row_294	UBE2T	11860	-0.3277643322944641	-0.17596683	No	
row_295	KNSTRN	11936	-0.33450573682785034	-0.17976595	No	
row_296	CSPG5	11949	-0.3352779448032379	-0.17931142	No	
row_297	CSE1L	11976	-0.33839258551597595	-0.17978977	Yes	
row_298	CDK1	11977	-0.3386540710926056	-0.17851286	Yes	
row_299	SERPINB7	11982	-0.33917737007141113	-0.17750387	Yes	
row_300	REXO5	11998	-0.34058210253715515	-0.17723176	Yes	
row_301	ORC6	12006	-0.34109190106391907	-0.17641796	Yes	
row_302	CKLF	12022	-0.3426958918571472	-0.1761379	Yes	
row_303	SYCE2	12063	-0.34650641679763794	-0.17753024	Yes	
row_304	RCC2	12080	-0.34873008728027344	-0.1772949	Yes	
row_305	OIP5	12084	-0.3490259051322937	-0.17618129	Yes	
row_306	TRIM59	12104	-0.3510279953479767	-0.17613968	Yes	
row_307	TUBG1	12109	-0.3513886034488678	-0.17508465	Yes	
row_308	ECT2	12130	-0.35334858298301697	-0.17510177	Yes	
row_309	CDK2	12177	-0.3576436936855316	-0.17685696	Yes	
row_310	TRIP13	12181	-0.3584594428539276	-0.17570779	Yes	
row_311	KNL1	12191	-0.3594104051589966	-0.17495985	Yes	
row_312	SASS6	12198	-0.36013832688331604	-0.17400678	Yes	
row_313	ERFE	12203	-0.36101123690605164	-0.17291544	Yes	
row_314	PLEKHO1	12215	-0.3619392514228821	-0.17229293	Yes	
row_315	TDRKH	12233	-0.36389872431755066	-0.17206785	Yes	
row_316	TTK	12280	-0.36766383051872253	-0.17378527	Yes	
row_317	CENPH	12303	-0.36900898814201355	-0.17387828	Yes	
row_318	HASPIN	12322	-0.37042638659477234	-0.17369606	Yes	
row_319	CEP128	12324	-0.37081921100616455	-0.17236534	Yes	
row_320	CENPN	12337	-0.37219730019569397	-0.17177162	Yes	
row_321	SLC13A3	12365	-0.3750092387199402	-0.17217937	Yes	
row_322	E2F8	12376	-0.3761523365974426	-0.17143579	Yes	
row_323	ASPM	12407	-0.3790583908557892	-0.17203069	Yes	
row_324	CDC25A	12447	-0.38398680090904236	-0.17321424	Yes	
row_325	CDCA5	12471	-0.386545330286026	-0.17330861	Yes	
row_326	STIL	12473	-0.3866683840751648	-0.17191814	Yes	
row_327	ARID3A	12479	-0.3872152864933014	-0.17079549	Yes	
row_328	LRRCC1	12486	-0.38785162568092346	-0.16973789	Yes	
row_329	CDC6	12499	-0.3885236978530884	-0.16908261	Yes	
row_330	H3C14	12501	-0.38858452439308167	-0.16768491	Yes	
row_331	CENPL	12615	-0.4012310206890106	-0.17379637	Yes	
row_332	KIF2A	12619	-0.4015935957431793	-0.17248455	Yes	
row_333	CRY1	12632	-0.40264806151390076	-0.17177601	Yes	
row_334	NUF2	12643	-0.40435829758644104	-0.17092608	Yes	
row_335	EXO1	12646	-0.40481093525886536	-0.16953467	Yes	
row_336	FKBPL	12687	-0.4080621302127838	-0.17069492	Yes	
row_337	CENPQ	12699	-0.4087410569190979	-0.16989593	Yes	
row_338	BIRC5	12719	-0.41085100173950195	-0.16962877	Yes	
row_339	CENPM	12733	-0.41321226954460144	-0.16894786	Yes	
row_340	HMGA2	12770	-0.41834142804145813	-0.16979948	Yes	
row_341	ARHGAP19	12788	-0.4211595356464386	-0.16935849	Yes	
row_342	CEP55	12791	-0.4214918613433838	-0.16790418	Yes	
row_343	CFAP251	12811	-0.4240373373031616	-0.1675873	Yes	
row_344	KIF11	12864	-0.43140050768852234	-0.16946921	Yes	
row_345	TIMELESS	12881	-0.43287691473960876	-0.16891658	Yes	
row_346	KPNA2	12889	-0.43385836482048035	-0.167753	Yes	
row_347	AUNIP	12910	-0.4364506006240845	-0.16745678	Yes	
row_348	NSD2	12917	-0.43693098425865173	-0.16621414	Yes	
row_349	CCNB1	12929	-0.4381466209888458	-0.16530429	Yes	
row_350	NEK2	12937	-0.4392015337944031	-0.16412055	Yes	
row_351	TP73	12943	-0.43996745347976685	-0.162799	Yes	
row_352	RFC3	12972	-0.44394630193710327	-0.1630143	Yes	
row_353	RNASEH2A	12977	-0.44431644678115845	-0.16160886	Yes	
row_354	VRK1	12991	-0.44595402479171753	-0.16080451	Yes	
row_355	GPR161	13029	-0.44992247223854065	-0.16160451	Yes	
row_356	RFC4	13033	-0.4505583345890045	-0.16010807	Yes	
row_357	WDR62	13040	-0.4517682194709778	-0.15880948	Yes	
row_358	WRAP53	13075	-0.45541611313819885	-0.15938637	Yes	
row_359	TUBB4B	13077	-0.4555152356624603	-0.1577363	Yes	
row_360	NDC80	13091	-0.45650947093963623	-0.15689214	Yes	
row_361	TICRR	13105	-0.457974374294281	-0.15604246	Yes	
row_362	PKMYT1	13116	-0.4592058062553406	-0.15498573	Yes	
row_363	RAD18	13122	-0.45992138981819153	-0.15358892	Yes	
row_364	FOXM1	13136	-0.4638662338256836	-0.15271702	Yes	
row_365	TONSL	13188	-0.4708847999572754	-0.1543826	Yes	
row_366	KIFC1	13192	-0.4713251292705536	-0.15280786	Yes	
row_367	CCNF	13195	-0.47170940041542053	-0.1511642	Yes	
row_368	EZH2	13211	-0.4736044108867645	-0.15039054	Yes	
row_369	CKAP2L	13227	-0.47562944889068604	-0.14960922	Yes	
row_370	CENPP	13247	-0.4781848192214966	-0.14908817	Yes	
row_371	DCLRE1B	13268	-0.4812548756599426	-0.14862302	Yes	
row_372	CKS1B	13283	-0.48364388942718506	-0.14774403	Yes	
row_373	CEP57L1	13329	-0.4898626506328583	-0.1489332	Yes	
row_374	CDC20	13363	-0.4951968789100647	-0.14929262	Yes	
row_375	MCM10	13365	-0.49578607082366943	-0.1474907	Yes	
row_376	CHORDC1	13371	-0.49644017219543457	-0.1459562	Yes	
row_377	KIF23	13397	-0.4993790090084076	-0.14576007	Yes	
row_378	CENPO	13416	-0.5021865963935852	-0.14508104	Yes	
row_379	MMS22L	13418	-0.5025119781494141	-0.14325377	Yes	
row_380	TREX2	13422	-0.5027186870574951	-0.14156067	Yes	
row_381	CEP135	13458	-0.5099216103553772	-0.1419995	Yes	
row_382	TPX2	13461	-0.5101861357688904	-0.14021076	Yes	
row_383	MNS1	13482	-0.5134344696998596	-0.13962427	Yes	
row_384	HROB	13515	-0.5164095759391785	-0.13983622	Yes	
row_385	ZWINT	13524	-0.5172569155693054	-0.13842565	Yes	
row_386	KIF20A	13534	-0.518761932849884	-0.13707688	Yes	
row_387	H2AC17	13542	-0.520116925239563	-0.13558806	Yes	
row_388	AGPAT4	13549	-0.5222497582435608	-0.13402373	Yes	
row_389	PRC1	13550	-0.5223422646522522	-0.13205421	Yes	
row_390	TCOF1	13558	-0.5238572359085083	-0.1305513	Yes	
row_391	TACC3	13561	-0.5240463614463806	-0.12871028	Yes	
row_392	ZWILCH	13572	-0.526695966720581	-0.12739907	Yes	
row_393	RGS12	13609	-0.5325579047203064	-0.12782003	Yes	
row_394	KIF4A	13622	-0.5343038439750671	-0.12661508	Yes	
row_395	PSMC3IP	13625	-0.5345438122749329	-0.1247345	Yes	
row_396	CHAF1A	13640	-0.5368608236312866	-0.12365484	Yes	
row_397	CCNA2	13658	-0.5397732853889465	-0.12276662	Yes	
row_398	SAE1	13669	-0.5409756898880005	-0.12140157	Yes	
row_399	NUP188	13684	-0.5432010889053345	-0.120298006	Yes	
row_400	STMN1	13695	-0.5458753705024719	-0.11891448	Yes	
row_401	JPT1	13707	-0.5471888184547424	-0.11759347	Yes	
row_402	RAD51	13708	-0.5474697351455688	-0.11552921	Yes	
row_403	AURKA	13711	-0.5487476587295532	-0.113595076	Yes	
row_404	SLC37A2	13719	-0.5505157113075256	-0.11199163	Yes	
row_405	CHAF1B	13729	-0.5528610944747925	-0.11051429	Yes	
row_406	CRACDL	13730	-0.5530135035514832	-0.10842913	Yes	
row_407	ATRIP	13746	-0.5559166073799133	-0.1073451	Yes	
row_408	SKA3	13802	-0.5643429160118103	-0.10892817	Yes	
row_409	MKI67	13850	-0.5706700086593628	-0.1099476	Yes	
row_410	MELK	13854	-0.571898877620697	-0.10799365	Yes	
row_411	ASF1B	13858	-0.5730608105659485	-0.10603531	Yes	
row_412	GTSE1	13861	-0.574630856513977	-0.10400358	Yes	
row_413	SEPTIN5	13867	-0.5750471353530884	-0.102172695	Yes	
row_414	KIF24	13868	-0.5753609538078308	-0.10000327	Yes	
row_415	CDC25C	13881	-0.5772760510444641	-0.09863629	Yes	
row_416	MTFR2	13892	-0.5794989466667175	-0.09712598	Yes	
row_417	SHCBP1	13953	-0.5897246599197388	-0.09895071	Yes	
row_418	FANCG	13965	-0.5923283100128174	-0.097459495	Yes	
row_419	AURKB	13979	-0.5970649719238281	-0.09608537	Yes	
row_420	PLK1	13998	-0.6017400622367859	-0.09503097	Yes	
row_421	CCR7	14003	-0.603318452835083	-0.09302602	Yes	
row_422	TRAIP	14043	-0.6123680472373962	-0.09334846	Yes	
row_423	PTTG1	14045	-0.6128479242324829	-0.091105156	Yes	
row_424	BCL11B	14051	-0.6144909262657166	-0.08912555	Yes	
row_425	ESPL1	14064	-0.6170759201049805	-0.0876085	Yes	
row_426	LNP1	14094	-0.6228644251823425	-0.087216645	Yes	
row_427	DLGAP5	14131	-0.6308011412620544	-0.08726717	Yes	
row_428	FAM161A	14142	-0.6339837312698364	-0.08555142	Yes	
row_429	NUSAP1	14169	-0.6383768320083618	-0.08489866	Yes	
row_430	NCAPD2	14187	-0.6433359980583191	-0.08361995	Yes	
row_431	SPC24	14188	-0.6434972286224365	-0.08119361	Yes	
row_432	KLC2	14204	-0.6471542716026306	-0.079765566	Yes	
row_433	KIF22	14206	-0.6476039886474609	-0.077391215	Yes	
row_434	IL11	14220	-0.6518992185592651	-0.075810336	Yes	
row_435	LIG3	14232	-0.6553596258163452	-0.07408146	Yes	
row_436	CDCA3	14268	-0.6628356575965881	-0.07394372	Yes	
row_437	CKS2	14290	-0.6689350605010986	-0.07283838	Yes	
row_438	RFWD3	14328	-0.6762885451316833	-0.07278486	Yes	
row_439	FAAP24	14356	-0.6837337613105774	-0.07202855	Yes	
row_440	HAUS8	14368	-0.6866763830184937	-0.07018159	Yes	
row_441	CACYBP	14395	-0.6960517168045044	-0.069311365	Yes	
row_442	CDCA8	14427	-0.7042298316955566	-0.06874766	Yes	
row_443	PEA15	14435	-0.707198977470398	-0.06655344	Yes	
row_444	CENPU	14485	-0.7239789366722107	-0.06712976	Yes	
row_445	HMGB2	14487	-0.7250347137451172	-0.06446346	Yes	
row_446	POLA2	14521	-0.737595796585083	-0.06390889	Yes	
row_447	KIF20B	14529	-0.7438724637031555	-0.06157639	Yes	
row_448	ERCC6L	14551	-0.751408576965332	-0.060160074	Yes	
row_449	HIRIP3	14596	-0.769821286201477	-0.06022619	Yes	
row_450	CENPW	14607	-0.7739731073379517	-0.057982605	Yes	
row_451	UHRF1	14631	-0.7810812592506409	-0.056589358	Yes	
row_452	TNFRSF8	14645	-0.7852873206138611	-0.054505527	Yes	
row_453	H2AX	14726	-0.8251985311508179	-0.056791823	Yes	
row_454	HJURP	14759	-0.8408837914466858	-0.055780333	Yes	
row_455	CRABP2	14804	-0.862445592880249	-0.055497203	Yes	
row_456	RANBP1	14819	-0.8704133033752441	-0.053159874	Yes	
row_457	TROAP	14828	-0.8759198188781738	-0.050396953	Yes	
row_458	FAM83D	14875	-0.8997520804405212	-0.0501081	Yes	
row_459	RHEBL1	14883	-0.9025498628616333	-0.047177296	Yes	
row_460	TUBB6	14892	-0.9138123393058777	-0.0442715	Yes	
row_461	ZNF385D	14968	-0.9665857553482056	-0.04568733	Yes	
row_462	MYBL2	14993	-0.988645076751709	-0.043578923	Yes	
row_463	BATF3	15010	-1.006463885307312	-0.040863555	Yes	
row_464	CHRNA5	15047	-1.0454670190811157	-0.039350558	Yes	
row_465	CPA4	15054	-1.050707221031189	-0.035793647	Yes	
row_466	INCENP	15059	-1.0565673112869263	-0.0320797	Yes	
row_467	PANX2	15063	-1.0683302879333496	-0.028253928	Yes	
row_468	LMF2	15081	-1.0858370065689087	-0.02530675	Yes	
row_469	MCM5	15107	-1.1249371767044067	-0.022751918	Yes	
row_470	GNG4	15139	-1.1972377300262451	-0.020329304	Yes	
row_471	INTS4	15158	-1.249448537826538	-0.016832694	Yes	
row_472	RFC2	15175	-1.2967422008514404	-0.013022817	Yes	
row_473	WNT10B	15225	-1.4456931352615356	-0.010877883	Yes	
row_474	RUNX1	15276	-1.946677327156067	-0.0069114384	Yes	
row_475	MB21D2	15283	-2.172841787338257	8.765308E-4	Yes	
